643120,5277607
643120,5277607
643263,5277741
643263,5277741
643390,5277596
643390,5277596
643367,5278407
643367,5278407
643068,5278323
643068,5278323
643068,5278323
642989,5278575
642989,5278575
642990,5278571
642992,5278567
642992,5278567
642998,5278563
642998,5278563
642998,5278563
642987,5278599
642986,5278596
642613,5278224
642613,5278224
642606,5278219
642606,5278219
643485,5278821
643485,5278821
643723,5278956
643723,5278956
643716,5278941
643716,5278941
643713,5278930
643713,5278930
643709,5278995
643709,5278995
644397,5279150
644069,5279308
644069,5279308
643192,5279012
643192,5279012
642997,5278940
642997,5278940
642975,5278729
644249,5278667
644375,5278739
644375,5278739
644683,5278455
644687,5278456
644687,5278456
644690,5278457
644690,5278457
644020,5277437
644020,5277437
644092,5277523
644092,5277523
644161,5277657
644161,5277657
644424,5277768
644683,5277963
644683,5277963
644509,5276588
644509,5276588
644395,5276879
644395,5276879
644803,5276632
644886,5276445
645299,5277725
645299,5277725
644697,5277217
644697,5277217
645324,5277642
645324,5277642
641163,5277829
641163,5277829
641163,5277829
641219,5277845
641219,5277845
641219,5277845
641230,5277845
641230,5277845
641230,5277845
640845,5277201
640845,5277201
640380,5277243
640380,5277243
640023,5277522
640023,5277522
640023,5277522
648209,5276121
640163,5277045
640304,5277254
640304,5277254
640304,5277254
648697,5276297
648697,5276297
640785,5277642
640785,5277642
640785,5277642
641796,5276615
641796,5276615
641602,5277012
641602,5277012
641597,5277005
648354,5277957
648354,5277957
648354,5277957
648206,5278069
648206,5278069
648618,5277110
648618,5277110
648618,5277110
648618,5277110
648777,5277263
648777,5277263
648777,5277263
647919,5277425
647919,5277425
647919,5277425
647127,5276892
646956,5276650
646956,5276650
646956,5276650
646969,5276641
646969,5276641
646969,5276641
646954,5276634
646954,5276634
646954,5276634
645360,5280169
645360,5280169
645379,5280342
645483,5280379
645483,5280379
645483,5280379
645366,5280498
645366,5280498
645366,5280498
645289,5280605
645289,5280605
645156,5280719
645156,5280719
645156,5280719
645082,5280403
644331,5279860
644331,5279860
644644,5279880
644644,5279880
644604,5280161
643959,5279991
643959,5279991
643969,5279989
643969,5279989
643969,5279971
643969,5279971
645854,5280552
645854,5280552
645854,5280552
646256,5280464
646256,5280464
646256,5280464
646619,5280475
646619,5280475
646341,5281986
646074,5282411
646074,5282411
646078,5282401
646088,5282397
646088,5282408
646088,5282408
646088,5282408
646012,5285931
646012,5285931
646012,5285931
645914,5286118
645914,5286118
645921,5286131
645921,5286131
644007,5279931
644007,5279931
643886,5279862
643886,5279862
643873,5279852
643756,5280186
643756,5280186
643756,5280186
643461,5280497
643461,5280497
643594,5280994
643594,5280994
643594,5280994
643594,5280994
643328,5280598
643328,5280598
643502,5280379
643502,5280379
643502,5280379
643018,5279821
643018,5279821
642805,5279888
642805,5279888
642786,5279879
642786,5279879
643099,5280382
643099,5280382
643099,5280382
646091,5286395
646348,5286567
646348,5286567
646696,5287230
646663,5287262
646663,5287262
646639,5288503
646639,5288503
646639,5288503
646639,5288503
647264,5289424
642640,5281061
642640,5281061
642640,5281061
642640,5281061
642703,5281045
642703,5281045
642703,5281045
642725,5281029
642725,5281029
642725,5281029
642947,5280978
642728,5280674
642728,5280674
642982,5280408
642982,5280408
642982,5280408
642574,5281596
642574,5281596
642574,5281596
642564,5281593
642542,5281647
642542,5281647
642542,5281647
642539,5281641
642539,5281641
642510,5281814
642510,5281814
642510,5281814
642863,5282003
642863,5282003
642863,5282003
642863,5282003
645046,5281557
645046,5281557
645046,5281557
645333,5279470
645333,5279470
645333,5279470
645113,5279442
645113,5279442
645113,5279442
648658,5284181
648658,5284181
648658,5284181
646922,5288391
647516,5288799
647516,5288799
649316,5289241
649316,5289241
649256,5289325
649256,5289325
649256,5289325
649720,5289900
649720,5289900
649720,5289900
649708,5289897
649699,5289894
649699,5289894
649687,5289894
649687,5289894
649687,5289894
649675,5290162
649581,5289006
649581,5289006
649520,5288519
649520,5288519
649520,5288519
649614,5287783
649614,5287783
649614,5287783
649614,5287783
649614,5287783
648825,5288583
648825,5288583
648305,5289078
648305,5289078
648305,5289078
648305,5289078
647968,5289321
647968,5289321
647968,5289321
647950,5289321
647950,5289321
647950,5289321
647950,5289321
647950,5289321
648795,5288007
648795,5288007
648795,5288007
648795,5288007
647538,5289915
647509,5289920
647509,5289920
647761,5290020
647761,5290020
647761,5290020
647792,5290146
647832,5290093
647832,5290093
647832,5290093
647805,5289718
647805,5289718
647805,5289718
647805,5289718
647805,5289718
647632,5289537
647632,5289537
647015,5289140
647015,5289140
647015,5289140
646939,5289090
646939,5289090
646939,5289090
646516,5288861
646516,5288861
646557,5288823
646557,5288823
646557,5288823
646557,5288823
646284,5289646
646284,5289646
646284,5289646
646284,5289646
646070,5288795
646070,5288795
646070,5288795
645433,5288267
645433,5288267
645433,5288267
645354,5288154
645354,5288154
645354,5288154
645354,5288154
645536,5288091
645536,5288091
645536,5288091
645122,5288924
645122,5288924
645122,5288924
649619,5277867
649619,5277867
649631,5277864
649631,5277864
649743,5277794
649743,5277794
649964,5277381
649964,5277381
649964,5277381
649991,5277366
649991,5277366
649991,5277366
650140,5277393
650140,5277393
650140,5277393
649499,5277213
649499,5277213
649499,5277213
647987,5275976
647987,5275976
647987,5275976
648024,5275947
648024,5275947
648024,5275947
648107,5276056
648107,5276056
648107,5276056
648107,5276056
648203,5276116
648203,5276116
648212,5276114
648212,5276114
648376,5276133
648376,5276133
648376,5276133
648670,5276252
648670,5276252
648679,5276245
648679,5276245
648679,5276245
648679,5276245
648690,5276241
648690,5276241
648690,5276241
647443,5276246
647443,5276246
647443,5276246
543497.6562,5175003.053
543497.6562,5175003.053
545789.3079,5166716.442
543745.9604,5170035.053
518115.4011,5145118.045
518115.4011,5145118.045
518115.4011,5145118.045
518115.4011,5145118.045
545544.5619,5168165.398
545544.5619,5168165.398
545544.5619,5168165.398
545544.5619,5168165.398
545544.5619,5168165.398
545544.5619,5168165.398
545544.5619,5168165.398
545789.3079,5166716.442
545789.3079,5166716.442
545789.3079,5166716.442
545789.3079,5166716.442
543349.0804,5175001.982
543349.0804,5175001.982
543349.0804,5175001.982
518115.4011,5145118.045
518115.4011,5145118.045
545544.5619,5168165.398
545544.5619,5168165.398
545789.3079,5166716.442
589586.4579,5282032.555
589586.4579,5282032.555
589586.4579,5282032.555
601448.47,5285809.106
601448.47,5285809.106
601448.47,5285809.106
599862.4359,5285936.059
599862.4359,5285936.059
594942.8515,5247348.946
594942.8515,5247348.946
594942.8515,5247348.946
594942.8515,5247348.946
585514.539,5282434.555
585514.539,5282434.555
585514.539,5282434.555
585514.539,5282434.555
610999.3074,5276750.049
610999.3074,5276750.049
610999.3074,5276750.049
601173.7009,5266751.806
601173.7009,5266751.806
634019.9115,5271550.784
597139.3376,5250256.402
597139.3376,5250256.402
597139.3376,5250256.402
591938.2471,5282316.203
591938.2471,5282316.203
591938.2471,5282316.203
595358.7488,5284810.607
595358.7488,5284810.607
595358.7488,5284810.607
595358.7488,5284810.607
595358.7488,5284810.607
595358.7488,5284810.607
596358.4276,5284857.953
596358.4276,5284857.953
596358.4276,5284857.953
596358.4276,5284857.953
611030.7817,5291511.919
611030.7817,5291511.919
611030.7817,5291511.919
567917.584,5240954.781
567917.584,5240954.781
567897.3016,5240892.802
567919.3608,5240800.435
567919.3608,5240800.435
567940.3541,5240800.677
567940.3541,5240800.677
585343.7094,5282709.947
661889.3508,5329288.03
661889.3508,5329288.03
661889.3508,5329288.03
661889.3508,5329288.03
581445.4645,5315260.12
581445.4645,5315260.12
507783.517,5358779.624
514424.8076,5359564.125
517187.6861,5364017.78
515107.0294,5366018.906
519259.6448,5358929.848
518067.6591,5365162.877
540083.4174,5345946.707
535797.7826,5335667.575
543476.8181,5333497.625
545950.1801,5341946.057
554275.6322,5342976.23
554284.2114,5355049.57
513008.0466,5321986.373
502347.7436,5320675.945
502840.5916,5329228.177
503070.228,5324936.816
581445.4645,5315260.12
581445.4645,5315260.12
501366.3478,5359701.088
501366.3478,5359701.088
513084.1247,5361320.865
511537.3993,5363756.779
494253.4568,5361834.793
512056.287,5361287.77
502166.7974,5364240.007
501447.0933,5366802.51
504408.6687,5361246.237
508512.782,5366406.924
517187.6861,5364017.78
538948.9334,5346031.489
535797.7826,5335667.575
537999.1238,5343153.597
549013.6407,5331164.82
539630.9904,5351717.537
538031.6165,5350656.832
535749.0624,5356601.309
537461.8064,5358989.881
539973.8713,5361538.922
537725.991,5362573.405
549927.4697,5342473.433
542211.4799,5339755.927
526488.1504,5325706.35
558983.4108,5332555.477
562276.8244,5329965.724
567461.4238,5328634.825
566133.0009,5325469.86
574387.4468,5327207.346
578371.341,5324820.826
579933.0802,5322649.88
570808.6536,5330558.708
538944.5241,5355726.836
552759.6394,5346296.787
573546.2567,5352332.196
493791.4293,5353159.3
527585.75,5342630.805
555419.9608,5331346.626
498057.6399,5365135.607
494938.8889,5369429.551
494253.4568,5361834.793
494253.4568,5361834.793
504668.7057,5344110.706
494385.7197,5370510.782
493441.9365,5370820.639
502166.7974,5364240.007
499804.1784,5368531.48
499804.1784,5368531.48
499619.7359,5371680.859
504815.7891,5366248.41
493999.5724,5374000.285
512687.6107,5364006.178
508556.4492,5364647.065
510241.2164,5364649.762
515911.3815,5364847.776
501939.0065,5370137.229
501507.6298,5371619.174
503109.9574,5368223.372
519290.0086,5368223.628
519761.4206,5368472.27
520479.501,5368629.211
521686.1843,5369868.777
519416.6688,5367205.148
535885.6774,5331530.874
542999.5287,5333771.907
535985.217,5328845.384
530823.3307,5327456.903
523121.1035,5324426.011
527421.3885,5346798.208
550870.0418,5331613.242
540033.96,5347119.68
539687.8303,5352428.105
539851.0545,5352645.383
537084.3475,5347439.408
539826.9297,5361970.178
540031.1973,5362156.878
537342.1997,5364670.545
555229.5489,5342460.46
519559.4889,5337287.362
531332.2764,5351542.377
531621.5291,5317704.973
548851.3438,5328384.607
556324.9586,5354760.606
556855.8136,5355198.179
557623.2991,5354619.201
557190.4071,5354676.595
560518.125,5355359.439
563555.022,5354373.518
554482.1725,5353723.696
511259.7781,5369128.647
566825.2791,5352897.865
570201.0394,5354698.615
570201.0394,5354698.615
501849.6743,5324442.373
461113.8644,5355637.85
467616.7965,5330247.253
469819.4569,5328506.074
495948.8334,5374770.316
500173.7952,5371804.311
497732.8192,5373966.362
502719.6287,5368686.334
539061.2181,5362705.93
535760.8922,5318377.524
555579.4162,5355216.458
508385.4759,5326362.054
507316.497,5370388.322
566936.1797,5329338.866
463679.4109,5331969.267
494841.0716,5352818.541
503343.8572,5316662.841
493589.107,5373815.507
497404.8329,5374398.811
498553.853,5375787.779
500624.9306,5375849.224
487011.2008,5314238.256
556684.421,5353806.941
561679.8911,5356421.792
565867.9336,5355542.338
569650.3352,5355957.923
569673.0308,5354105.413
494034.9754,5368843.862
504420.7836,5344758.893
502844.8761,5364209.391
498203.0123,5369489.051
508556.4492,5364647.065
519776.0445,5364242.285
511487.4495,5368202.81
521000.9708,5366408.033
519416.6688,5367205.148
522011.8422,5338469.471
537084.3475,5347439.408
535855.1508,5346258.247
526263.2334,5343149.464
579849.591,5319715.199
547909.3883,5327265.15
509190.9069,5327165.968
504518.5911,5324845.08
508317.5613,5359274.359
522011.8422,5338469.471
496412.5111,5362789.987
502743.8427,5360349.893
501487.9523,5367790.546
512479.5874,5365179.01
517203.5086,5365592.501
516174.5519,5366237.925
530557.6075,5322978.707
533727.8179,5329449.184
521501.2442,5342512.125
540554.2291,5352218.061
535016.4864,5355269.039
533745.335,5357916.766
530071.0196,5328934.894
548982.6487,5337185.396
528448.3447,5339238.774
559760.4963,5354980.892
558994.4378,5355405.206
531332.2764,5351542.377
579849.591,5319715.199
512849.256,5328222.53
509172.3179,5338867.243
510080.3477,5338930.472
511074.1223,5369591.432
529888.7241,5336127.738
529888.7241,5336127.738
540889.2046,5316775.247
502322.0602,5333550.341
507874.8047,5367332.316
529741.3357,5348569.742
500360.0012,5321478.286
528016.3209,5317778.955
524806.7707,5365064.885
502077.1983,5324689.43
504090.5183,5345314.411
503077.2661,5351457.95
505144.3234,5366372.184
520218.0494,5367084.455
535155.3309,5342734.032
513128.8119,5323499.453
489764.5177,5368850.333
503323.0018,5354020.713
514199.7399,5359100.436
548609.6996,5330049.852
513303.5318,5328501.409
505636.2436,5367453.279
539395.7015,5352981.868
535244.0197,5355085.184
535016.4864,5355269.039
531704.858,5351204.796
532015.2763,5325116.958
516278.4935,5329404.285
532112.4271,5351978.989
545862.951,5327094.08
468346.1156,5382733.742
547777.2252,5325751.145
511383.5656,5368820.127
505122.4408,5320461.501
568594.0554,5356500.929
455998.8311,5316832.488
456869.1006,5319573.807
456869.1006,5319573.807
559534.4057,5354947.645
460006.9582,5318099.785
500399.9766,5354853.556
502532.304,5324905.706
492730.6977,5329047.407
545459.3312,5168195.623
545459.3312,5168195.623
545546.6583,5167887.6
545546.6583,5167887.6
538354.1456,5166047.305
538354.1456,5166047.305
538354.1487,5166046.811
532826.5392,5162218.081
532826.5392,5162218.081
517903.1845,5144747.027
517903.1845,5144747.027
517903.1845,5144747.027
517903.1845,5144747.027
506970.5932,5135279.791
506970.5932,5135279.791
555199.2278,5174388.965
555199.2278,5174388.965
517818.0363,5144685.045
533358.3111,5162220.989
506563.3652,5136452.21
536049.0418,5164026.73
545545.2607,5168072.798
545629.5593,5168166.04
545629.5593,5168166.04
545566.5098,5168072.958
545566.5098,5168072.958
541360.1231,5167888.336
540895.1258,5167514.755
526067.8465,5160919.652
527376.389,5158548.686
527376.389,5158548.686
502287.1932,5146264.267
517924.0602,5144901.417
506584.8616,5136328.773
527376.389,5158548.686
505477.3275,5132747.321
505477.3275,5132747.321
505477.3275,5132747.321
505220.4308,5133210.069
505241.8301,5133179.222
505327.4314,5133055.837
505327.4314,5133055.837
505370.2338,5132994.146
505370.2338,5132994.146
505370.4002,5132808.956
505370.428,5132778.09
505413.3165,5132623.804
505413.4563,5132469.479
505477.3275,5132747.321
505434.4381,5132901.607
505519.9333,5132901.685
505519.9333,5132901.685
505434.2978,5133055.932
505434.2978,5133055.932
505498.4749,5132994.261
505498.6169,5132839.936
463840.8746,5151156.623
462962.0353,5150328.555
505434.2978,5133055.932
505455.6994,5133025.086
505498.5317,5132932.531
505477.1861,5132901.646
505498.6169,5132839.936
505498.702,5132747.341
505498.702,5132747.341
505263.2575,5133117.511
500796.3603,5132652.281
500796.3603,5132652.281
500539.6439,5134658.478
500539.6439,5134658.478
503084.5516,5130554.213
500689.5117,5132467.077
500646.4941,5134565.893
493078.2843,5131359.9
500774.9809,5132683.143
558290.6737,5170837.217
558290.6737,5170837.217
594734.3996,5296256.313
594734.3996,5296256.313
610133.1947,5292730.071
610133.1947,5292730.071
603282.9586,5285779.629
603282.9586,5285779.629
564466.2702,5195102.41
563636.947,5195494.85
555432.9725,5190443.182
556258.6473,5190450.879
560260.0322,5190489.781
598951.0843,5215828.146
576932.871,5214421.598
566872.92,5212540.262
571706.6426,5217566.988
567533.1483,5257961.778
613242.232,5292357.574
613242.232,5292357.574
571905.8147,5192254.405
571016.8608,5192243.796
565901.3264,5187739.941
566732.1573,5213804.418
571706.6426,5217566.988
577892.5436,5229654.649
575925.7199,5228826.376
574140.9897,5253595.606
558501.583,5170993.608
558501.583,5170993.608
564966.4085,5180166.53
564966.4085,5180166.53
669835.0002,5326582.683
669835.0002,5326582.683
684714.8056,5325683.003
600539.3468,5291382.521
600539.3468,5291382.521
675374.2919,5310619.871
675421.1846,5309076.344
640429.2327,5258729.055
601820.9181,5216957.312
594013.8088,5217322.58
578252.1492,5229505.025
609333.1142,5218943.539
601127.4595,5218057.005
601142.7081,5217161.856
572509.4103,5189606.739
572509.4103,5189606.739
628589.1646,5261916.392
628589.1646,5261916.392
628589.1646,5261916.392
676652.412,5306178.491
676652.412,5306178.491
633212.5788,5256491.442
630719.38,5252729.374
564966.4085,5180166.53
600094.7762,5218039.502
595254.4217,5217527.606
605064.0786,5253820.241
566619.9493,5180246.367
566619.9493,5180246.367
566619.9493,5180246.367
566619.9493,5180246.367
566619.9493,5180246.367
566619.9493,5180246.367
573831.4997,5192308.711
573832.2609,5192246.977
576317.2166,5193266.04
640102.4214,5258381.496
563652.3795,5194044.093
563652.3795,5194044.093
559675.7284,5193879.646
562377.1716,5190511.444
562377.1716,5190511.444
577045.1082,5213898.214
577045.1082,5213898.214
587263.675,5223301.763
571693.4197,5192313.601
571693.4197,5192313.601
609945.4997,5277285.943
609945.4997,5277285.943
601003.8528,5259615.909
694735.4713,5322243.825
694735.4713,5322243.825
579003.6213,5193393.545
579003.2139,5193424.412
578994.2507,5194103.487
578992.2135,5194257.822
578992.2135,5194257.822
571273.553,5190240.209
601820.9181,5216957.312
608152.8206,5292878.109
608152.8206,5292878.109
608008.8773,5292782.785
608008.8773,5292782.785
608341.2534,5292819.862
608323.3202,5292665.123
608323.3202,5292665.123
606458.7997,5293309.99
606458.7997,5293309.99
609442.8642,5294014.02
609455.0739,5293365.745
609590.8285,5293893.289
609590.8285,5293893.289
609675.7986,5293802.251
609600.1435,5293399.365
609600.1435,5293399.365
609604.2185,5293183.274
567335.8261,5180717.398
567335.8261,5180717.398
567335.8261,5180717.398
534392.1232,5269343.22
534392.1232,5269343.22
504199.2906,5278597.85
504199.2906,5278597.85
526560.9126,5282515.478
526560.9126,5282515.478
557861.231,5270701.842
557861.231,5270701.842
560427.4673,5277057.047
560427.4673,5277057.047
556323.612,5278528.849
556323.612,5278528.849
582944.7594,5295952.358
582944.7594,5295952.358
560573.833,5277027.689
556656.145,5278655.565
558391.337,5272003.824
558044.6724,5273266.21
534392.1232,5269343.22
534392.1232,5269343.22
564920.7601,5282045.299
564920.7601,5282045.299
559226.5313,5280255.688
561291.5378,5280215.272
562817.3205,5281837.002
560500.4907,5284097.236
526560.9126,5282515.478
526560.9126,5282515.478
561313.0383,5280153.748
594665.4655,5296656.606
594665.4655,5296656.606
586526.2317,5302674.127
586526.2317,5302674.127
510149.8126,5286940.343
510149.8126,5286940.343
526180.4706,5288317.71
526180.4706,5288317.71
526180.4706,5288317.71
526180.4706,5288317.71
553004.0052,5283437.504
553546.2508,5290203.906
553546.2508,5290203.906
472350.8661,5380767.037
483790.291,5383099.215
480520.0303,5384962.514
548958.9925,5293559.35
548958.9925,5293559.35
440536.2806,5338339.918
440536.2806,5338339.918
551474.9486,5293735.536
551474.9486,5293735.536
553301.4464,5294215.162
472350.8661,5380767.037
583717.5026,5305813.22
583717.5026,5305813.22
588924.1739,5307527.392
588924.1739,5307527.392
588924.1739,5307527.392
588924.1739,5307527.392
583717.5026,5305813.22
583717.5026,5305813.22
498337.9547,5276620.959
498337.9547,5276620.959
534337.2332,5268015.409
534337.2332,5268015.409
551161.2688,5293917.996
566945.781,5299913.93
566945.781,5299913.93
562758.2523,5298909.979
562758.2523,5298909.979
553316.8941,5283409.494
555388.3258,5269350.303
535784.7263,5256786.851
535784.7263,5256786.851
555393.1098,5266633.465
535223.9461,5259530.993
535223.9461,5259530.993
535223.9461,5259530.993
535223.9461,5259530.993
557728.4173,5269342.075
557728.4173,5269342.075
561409.6282,5270954.155
561409.6282,5270954.155
557438.3632,5269092.229
557438.3632,5269092.229
535131.0095,5261074
535131.0095,5261074
535131.0095,5261074
535131.0095,5261074
584416.8985,5281924.52
584416.8985,5281924.52
577561.6956,5278432.901
577561.6956,5278432.901
577561.6956,5278432.901
577561.6956,5278432.901
571474.3979,5274650.096
571474.3979,5274650.096
582432.6114,5280691.924
582432.6114,5280691.924
506871.714,5258256.402
506871.714,5258256.402
506871.714,5258256.402
506871.714,5258256.402
503692.9032,5254086.099
503692.9032,5254086.099
661889.3508,5329288.03
661889.3508,5329288.03
661889.3508,5329288.03
661889.3508,5329288.03
554969.0594,5269500.708
554969.0594,5269500.708
535784.7263,5256786.851
496289.1509,5362728.326
496289.1509,5362728.326
513269.2894,5361259.533
513269.2894,5361259.533
502911.6881,5353217.756
502911.6881,5353217.756
513149.1557,5323653.867
542887.4186,5301538.181
494171.166,5361773.132
494171.166,5361773.132
513149.1557,5323653.867
496373.1245,5365321.829
440536.2806,5338339.918
494171.166,5361773.132
494171.166,5361773.132
513149.1557,5323653.867
533433.8766,5312404.926
533433.8766,5312404.926
501345.8018,5359608.457
501345.8018,5359608.457
542887.4186,5301538.181
502911.6881,5353217.756
440536.2806,5338339.918
579702.4756,5319867.559
579702.4756,5319867.559
493986.1235,5361742.465
493986.1235,5361742.465
749304.1752,5320024.171
749304.1752,5320024.171
552678.4205,5168902.561
553790.1436,5168140.644
553790.1436,5168140.644
553980.0097,5168296.685
553980.0097,5168296.685
552678.4205,5168902.561
557333.5436,5296723.534
557333.5436,5296723.534
557333.5436,5296723.534
557333.5436,5296723.534
562758.2523,5298909.979
562758.2523,5298909.979
584682.4386,5306568.311
584682.4386,5306568.311
584682.4386,5306568.311
584682.4386,5306568.311
578219.2946,5189708.693
578219.2946,5189708.693
593306.1047,5218083.288
578219.2946,5189708.693
578219.2946,5189708.693
594343.0962,5203187.11
594343.0962,5203187.11
601881.4058,5208498.307
601881.4058,5208498.307
601881.4058,5208498.307
601881.4058,5208498.307
616375.2101,5222103.606
616375.2101,5222103.606
582296.4705,5192511.772
644641.902,5255217.736
631379.715,5239093.824
631379.715,5239093.824
638524.04,5248028.434
640476.2724,5258513.983
634667.042,5257018.79
635067.5955,5242296.346
635067.5955,5242296.346
635067.5955,5242296.346
635067.5955,5242296.346
637153.4201,5245618.232
637153.4201,5245618.232
616375.2101,5222103.606
616375.2101,5222103.606
746398.6512,5315631.391
746398.6512,5315631.391
746398.6512,5315631.391
746398.6512,5315631.391
610705.7011,5218814.597
638067.7617,5247801.517
638067.7617,5247801.517
635670.8644,5255281.503
633944.2629,5255643.345
652014.1126,5261087.518
652014.1126,5261087.518
671829.4027,5278751.22
691563.141,5289008.315
691563.141,5289008.315
691563.141,5289008.315
691563.141,5289008.315
699897.2606,5291428.197
699897.2606,5291428.197
699897.2606,5291428.197
699897.2606,5291428.197
706572.9945,5295024.816
706572.9945,5295024.816
709583.5247,5295318.471
709583.5247,5295318.471
715179.165,5297811.168
715179.165,5297811.168
631379.715,5239093.824
631379.715,5239093.824
725410.0772,5302003.277
725410.0772,5302003.277
732513.5204,5306551.334
732513.5204,5306551.334
743588.0632,5312326.736
743588.0632,5312326.736
735882.5415,5308110.319
743588.0632,5312326.736
743588.0632,5312326.736
743588.0632,5312326.736
743588.0632,5312326.736
551287.9864,5293703.004
551287.9864,5293703.004
499087.9124,5270045.199
499087.9124,5270045.199
496311.4296,5365229.247
496311.4296,5365229.247
496311.4296,5365229.247
496311.4296,5365229.247
496414.2538,5365383.552
494977.8912,5367206.44
483790.291,5383099.215
480520.0303,5384962.514
480520.0303,5384962.514
474529.9469,5081842.783
440536.2806,5338339.918
496311.4296,5365229.247
496311.4296,5365229.247
551161.2688,5293917.996
440536.2806,5338339.918
496414.2538,5365383.552
610852.3024,5217736.606
610852.3024,5217736.606
625419.9189,5231799.526
625419.9189,5231799.526
656273.6378,5336361.533
656273.6378,5336361.533
658439.711,5335772.34
658439.711,5335772.34
658911.8984,5332912.146
658911.8984,5332912.146
658439.711,5335772.34
658439.711,5335772.34
661859.9527,5329596.162
661859.9527,5329596.162
591059.0507,5311698.316
591059.0507,5311698.316
585622.62,5310380.095
585622.62,5310380.095
581445.4645,5315260.12
581445.4645,5315260.12
581445.4645,5315260.12
581445.4645,5315260.12
510676.3633,5105316.242
510676.3633,5105316.242
513383.1289,5114487.934
513297.9107,5114240.84
333673.9945,4938209.773
333673.9945,4938209.773
333673.9945,4938209.773
333673.9945,4938209.773
333673.9945,4938209.773
341830.1909,4935134.313
341678.7559,4935261.503
334882.2539,4937993.623
334171.7668,4937826.506
334243.3982,4936311.758
338585.8462,4934287.99
336251.6818,4936291.612
336388.9833,4935608.891
336161.3429,4935336.76
336161.3429,4935336.76
329378.7121,4941872.312
329074.1544,4942868.425
329634.9789,4942390.476
330980.8317,4940718.716
333088.2711,4939459.88
333579.5706,4938829.718
333601.6227,4938829.152
333717.4251,4939042.312
333672.5302,4939012.588
327951.72,4942126.224
327887.237,4942189.695
333495.1841,4938121.735
327123.6501,4944155.357
341720.6247,4935167.86
333672.411,4938148.061
314189.8396,4951431.473
314189.8396,4951431.473
319790.5637,4946887.661
329378.7121,4941872.312
329590.8981,4942391.637
327755.8112,4942224.069
327123.6501,4944155.357
325800.7305,4945796.525
327077.9322,4944094.822
331278.5724,4939445.005
330803.1398,4939827.926
329378.7121,4941872.312
314189.8396,4951431.473
341705.3369,4935446.098
334266.2993,4938071.095
334171.7668,4937826.506
335062.8675,4935549.849
337319.8691,4936635.228
331008.0187,4940069.593
327943.5202,4941817.666
327778.6732,4942254.338
347883.1764,4927765.43
331278.5724,4939445.005
337998.7897,4935537.611
337998.0191,4935506.755
337219.6232,4935279.242
336697.8611,4935601.108
348586.7971,4929508.716
348175.8826,4929888.768
350229.4641,4928884.087
350229.4641,4928884.087
353185.0703,4927674.423
329445.6507,4941901.426
329204.818,4941969.53
329074.1544,4942868.425
329565.6083,4942268.794
330960.3964,4940781.003
332614.3344,4939904.378
332572.6296,4939998.084
332379.7855,4940219.207
326520.7524,4944696.427
326369.0079,4944793.134
325568.4006,4946173.332
333495.1841,4938121.735
366988.7478,4918641.74
334600.2659,4938186.068
336388.9833,4935608.891
336388.9833,4935608.891
337219.6232,4935279.242
330985.1655,4940039.312
327123.6501,4944155.357
339325.6139,4935628.107
341720.6247,4935167.86
341705.3369,4935446.098
342636.0743,4934682.481
339213.7724,4935569.13
334488.4204,4938127.171
334089.0736,4938044.754
336058.5982,4936512.617
336058.5982,4936512.617
336251.6818,4936291.612
336251.6818,4936291.612
337219.6232,4935279.242
351533.3864,4927928.027
327943.5202,4941817.666
330969.2552,4941120.417
330836.9884,4941123.871
332937.9003,4939618.138
327721.584,4942595.513
327653.822,4942535.562
327123.6501,4944155.357
323296.8221,4947748.106
323567.1129,4947154.015
323438.3365,4947281.049
323506.2158,4946538.096
323567.2444,4946351.155
333672.411,4938148.061
325632.8193,4946109.837
325503.1496,4946205.972
314546.1643,4950031.543
312464.5071,4950431.377
312464.5071,4950431.377
313832.9816,4950515.297
314150.7654,4950073.795
314150.7654,4950073.795
313832.9816,4950515.297
359288.3897,4923773.38
359288.3897,4923773.38
386092.6372,4906490.054
386092.6372,4906490.054
350165.3451,4928978.18
350186.7173,4928946.815
348527.7412,4929818.811
348492.2121,4930190.104
348543.351,4929540.599
348240.6845,4929825.509
348220.765,4929918.591
348748.5543,4929813.667
348748.5543,4929813.667
348492.2121,4930190.104
348492.2121,4930190.104
348552.699,4929941.717
348532.0564,4930003.943
297306.5409,4965900.755
299974.293,4964025.689
299860.6032,4963905.682
295377.3659,4966765.018
285647.5136,4977554.679
299266.4537,4963893.325
298715.7888,4965269.58
298715.7888,4965269.58
296172.8417,4966894.159
299266.4537,4963893.325
297614.9991,4965921.916
298781.1831,4963846.725
286755.0538,4977857.488
286755.0538,4977857.488
297306.5409,4965900.755
296884.8374,4967860.007
296837.9946,4967768.825
296837.9946,4967768.825
294274.7659,4968715.342
299043.3386,4965197.551
298602.0939,4965149.595
297604.1321,4966972.434
286755.0538,4977857.488
299795.2909,4961807.421
299795.2909,4961807.421
297306.5409,4965900.755
297306.5409,4965900.755
297306.5409,4965900.755
285668.4051,4977523.087
286732.1027,4977827.361
292649.1416,4970095.897
299266.4537,4963893.325
297306.5409,4965900.755
295420.3044,4966732.761
297604.1321,4966972.434
295377.3659,4966765.018
285647.5136,4977554.679
297629.0089,4967064.312
297629.0089,4967064.312
297672.927,4967062.928
297604.1321,4966972.434
325522.6795,4946112.809
325816.111,4945549.083
325792.4187,4945487.965
325573.7825,4945555.616
325589.5954,4946141.882
353046.9628,4927430.575
351604.5782,4928142.503
330871.7027,4939918.767
295470.466,4966236.953
296905.8173,4967828.455
296905.8173,4967828.455
299266.4537,4963893.325
357674.5037,4924796.302
349850.467,4928738.472
297306.5409,4965900.755
292649.1416,4970095.897
350229.4641,4928884.087
233456.4774,4878882.261
233456.4774,4878882.261
233458.9678,4878943.97
233461.4582,4879005.677
233461.4582,4879005.677
233442.927,4879099.138
233442.927,4879099.138
233447.9083,4879222.553
233447.9083,4879222.553
233449.1537,4879253.407
233449.1537,4879253.407
233451.6444,4879315.114
233451.6444,4879315.114
233458.9678,4878943.97
346620.0712,4932302.492
346620.0712,4932302.492
512306.7394,5095227.157
512306.7394,5095227.157
409666.0064,5056366.648
474399.9922,5081689.009
403458.3282,5042661.496
403458.3282,5042661.496
406283.6641,5042989.044
409844.439,5052227.832
413698.5463,5041092.359
413698.5463,5041092.359
410286.8282,5049844.693
403403.7132,5043341.428
412850.6287,5044098.125
411729.7852,5090291.951
421730.0433,5091144.807
421730.0433,5091144.807
403458.3282,5042661.496
403122.9659,5044827.418
403122.9659,5044827.418
409844.439,5052227.832
410286.8282,5049844.693
403403.7132,5043341.428
412850.6287,5044098.125
407740.4757,5057907.324
413698.5463,5041092.359
403403.7132,5043341.428
412850.6287,5044098.125
395741.9835,5036580.433
401404.0177,5043094.747
395642.3315,5035810.373
395642.3315,5035810.373
388797.7276,5034446.031
394405.3521,5079388.516
406283.6641,5042989.044
403403.7132,5043341.428
384053.2573,5032833.873
383888.5617,5033330.839
383888.5617,5033330.839
388817.2653,5034322.206
382653.1722,5033508.125
403344.1693,5057726.908
402267.5529,5058083.229
402267.5529,5058083.229
401143.1946,5055415.358
407486.7682,5058312.363
407319.7362,5057265.331
407486.7682,5058312.363
407319.7362,5057265.331
368567.13,5139815.453
368567.13,5139815.453
368567.13,5139815.453
368567.13,5139815.453
368567.13,5139815.453
368567.13,5139815.453
368567.13,5139815.453
368567.13,5139815.453
368567.13,5139815.453
368567.13,5139815.453
368567.13,5139815.453
368567.13,5139815.453
368567.13,5139815.453
368567.13,5139815.453
368567.13,5139815.453
368567.13,5139815.453
345430.3592,5111174.775
334218.4811,5130801.984
345748.7305,5120400.694
332683.8616,5137268.369
345425.1775,5130476.788
347026.5813,5135439.493
266620.2933,5044718.543
266620.2933,5044718.543
266620.2933,5044718.543
271797.471,5056208.353
271797.471,5056208.353
271797.471,5056208.353
271797.471,5056208.353
259293.4775,5053062.03
259293.4775,5053062.03
259293.4775,5053062.03
259293.4775,5053062.03
259293.4775,5053062.03
259293.4775,5053062.03
255028.3483,5014749.853
255028.3483,5014749.853
287274.5694,5032428.596
298683.6962,5044873.07
298683.6962,5044873.07
298683.6962,5044873.07
298683.6962,5044873.07
298683.6962,5044873.07
298683.6962,5044873.07
298683.6962,5044873.07
377884.4203,5044188.028
377884.4203,5044188.028
377884.4203,5044188.028
376264.9547,5040175.522
376264.9547,5040175.522
376264.9547,5040175.522
376264.9547,5040175.522
376264.9547,5040175.522
376264.9547,5040175.522
367998.4189,5044542.91
367998.4189,5044542.91
367998.4189,5044542.91
367998.4189,5044542.91
367998.4189,5044542.91
492902.3033,5301137.599
492902.3033,5301137.599
491533.0508,5302436.144
492408.0912,5304410.752
491191.1193,5296262.151
506862.9339,5301661.619
506862.9339,5301661.619
507153.5424,5301847.195
514495.334,5306645.905
507894.2066,5291660.306
507894.2066,5291660.306
505980.2109,5291164.134
504898.2172,5290916.183
504919.3838,5290483.993
517677.4489,5304524.426
517677.4489,5304524.426
517436.9634,5301621.683
514638.1193,5299360.341
511311.1496,5289504.812
511311.1496,5289504.812
512849.8842,5290310.631
513180.3517,5291453.622
517046.5093,5293038.038
516317.3083,5293406.43
515553.8095,5291058.084
515739.6233,5291614.275
517384.1554,5291433.682
520285.0817,5301044.338
520349.998,5300303.625
533529.9113,5299346.146
520214.1718,5297524.632
525080.8741,5292233.613
525646.7629,5291309.921
529284.9046,5292098.956
532964.0388,5292828.77
532964.0388,5292828.77
532964.0388,5292828.77
535219.8667,5291391.025
535960.8911,5292723.093
535960.8911,5292723.093
535645.9607,5293184.237
535789.7009,5293493.849
535436.2223,5293460.805
531088.1906,5293435.856
530052.4751,5300623.705
530510.5682,5300440.866
530510.5682,5300440.866
533790.4132,5297433.547
537248.6184,5289829.2
527318.9029,5289773.946
527318.9029,5289773.946
527320.3465,5289465.233
523674.4212,5290128.397
518323.3381,5290572.124
516679.6744,5290351.119
515828.1166,5289669.58
536685.2012,5290041.718
537045.3459,5289056.087
535861.6546,5288554.691
538882.231,5300830.66
529492.0935,5296391.273
516842.9789,5298687.065
515429.3057,5298806.665
513327.5676,5290774.771
515860.1331,5293219.944
519030.7078,5290667.005
513027.0325,5304234.399
512817.6952,5305005.753
512817.6952,5305005.753
520316.2234,5292091.477
525353.5253,5291740.842
535613.2099,5291733.026
517769.8178,5301468.321
497566.8251,5278535.281
497566.8251,5278535.281
497566.8251,5278535.281
497566.8251,5278535.281
497545.5876,5277670.888
503721.0144,5276313.057
505220.9404,5278969.106
507059.5474,5276192.573
516817.5805,5278620.279
514087.6664,5277656.096
515115.4079,5275497.657
512548.8554,5275399.015
512548.8554,5275399.015
509813.2035,5276536.072
511207.9633,5278174.731
511207.9633,5278174.731
511648.0361,5287591.414
511648.0361,5287591.414
511190.1374,5287467.041
510856.769,5287559.034
510985.7277,5285429.122
513673.3591,5285311.253
510045.4667,5287063.652
510045.4667,5287063.652
510045.4667,5287063.652
510045.4667,5287063.652
516907.2487,5283652.592
522608.6488,5285832.939
522608.6488,5285832.939
522608.6488,5285832.939
522608.6488,5285832.939
522693.779,5285370.191
522693.779,5285370.191
522693.779,5285370.191
527890.8519,5287708.229
529763.9439,5287933.638
521883.394,5284811.39
521714.9883,5285273.837
521545.2365,5286106.745
527078.1253,5287827.871
527790.7097,5286874.197
505319.6721,5285112.635
504694.8964,5284834.271
507506.2905,5285794.157
507380.1388,5286720.152
534935.315,5283300.683
535188.7508,5282746.505
536809.572,5283528.355
536809.572,5283528.355
537161.6795,5283870.194
537058.8613,5283653.429
537058.8613,5283653.429
532781.9993,5284492.171
532781.9993,5284492.171
527746.165,5283107.579
527746.165,5283107.579
496231.5433,5277887.723
525196.7731,5284670.447
505423.753,5285205.344
505068.7711,5286162.059
505466.7658,5283754.413
534194.657,5281660.04
534150.4353,5282091.994
533982.4203,5282307.117
533262.1381,5287983.501
537039.5905,5283406.325
533056.5317,5287519.237
527810.013,5282830.035
532365.01,5288287.156
533197.2032,5288415.347
530990.5661,5288310.527
532600.1063,5287207.93
532600.1063,5287207.93
525344.5341,5284238.869
523210.0384,5286514.493
521341.3531,5284901.99
521154.7422,5284654.334
526514.7306,5283503.171
525957.0181,5282389.264
511100.0961,5280057.683
523838.9443,5285529.136
524568.5898,5285408.687
526125.2117,5286712.105
526125.2117,5286712.105
523970.1649,5284016.95
519762.2438,5283630.667
521512.8207,5283606.007
521089.1026,5285518.506
521089.1026,5285518.506
514873.4995,5280343.84
514873.4995,5280343.84
523503.7721,5275648.819
524299.5558,5274972.905
500966.7414,5277022.063
500966.7414,5277022.063
500173.9629,5277701.179
492004.3815,5283109.422
535029.5365,5288426.117
534136.907,5287957.708
491046.3897,5283543.05
491046.3897,5283543.05
533466.1073,5281470.57
535792.7832,5286207.931
485756.2515,5301459.776
485756.2515,5301459.776
508587.9673,5301108.152
505470.2398,5302586.363
484728.9,5290163.045
484728.9,5290163.045
509972.3449,5281290.532
511385.3923,5283454.092
511385.3923,5283454.092
500153.0059,5299033.661
509755.4063,5298701.916
514647.3144,5295686.564
522665.619,5297965.915
493546.6318,5301383.801
523115.7345,5294540.863
525209.721,5296124.081
525448.7383,5298533.176
525448.7383,5298533.176
538842.3233,5300583.408
504636.3793,5306506.484
520120.8174,5276346.216
520120.8174,5276346.216
530034.6601,5279846.499
532893.0112,5279584.093
538129.8531,5279214.691
538129.8531,5279214.691
490720.708,5301048.149
493546.7381,5301476.419
493546.7381,5301476.419
499508.4422,5296502.174
498551.3677,5294248.696
498551.3677,5294248.696
498633.5692,5290451.411
498633.5692,5290451.411
493850.288,5274833.536
497141.8128,5303572.73
496936.097,5307061.46
545767.4579,5294613.795
540823.4292,5293650.634
516925.4303,5291741.061
536458.3443,5289700.691
517565.8488,5313971.19
482928.8543,5279795.056
447520.2519,5289146.822
484397.6966,5275468.842
482886.5074,5279579.077
387321.507,5297108.429
391903.5217,5285131.112
387321.507,5297108.429
499005.2968,5275015.479
449296.5896,5280362.647
479461.1808,5278077.533
461266.1256,5295892.209
464204.9479,5286888.943
464008.7837,5292169.536
372955.5581,5306054.436
473763.1712,5318266.824
437023.305,5275481.256
408393.0366,5282655.155
419823.7883,5278502.891
456320.251,5312785.335
435489.9513,5278369.485
491712.926,5283325.94
419823.7883,5278502.891
479033.5015,5286661.555
401806.9443,5349530.389
392280.1966,5342784.591
387101.1499,5283647.444
453616.1661,5291132.343
405588.4354,5292241.994
396984.8545,5310547.563
475386.7647,5276457.248
455391.224,5299948.464
484794.8417,5275714.756
482935.6521,5275040.773
434931.8739,5302891.452
444204.9867,5316534.032
484397.6966,5275468.842
467224.4801,5301412.444
405392.1945,5314510.593
429640.3856,5284581.805
405392.1945,5314510.593
412211.9586,5278736.357
405392.1945,5314510.593
374770.9775,5312161.311
411334.1385,5308517.634
412211.9586,5278736.357
483079.9885,5281554.314
480262.4716,5280606.241
483079.9885,5281554.314
485602.7697,5281701.814
490568.0064,5284099.514
495412.1718,5296288
491079.1871,5277831.726
484285.6179,5280285.148
484477.2554,5297140.919
419428.5658,5296571.972
476456.6799,5293185.677
466201.2286,5300523.036
474760.7412,5295477.49
390575.2947,5301956.475
474995.6565,5292111.299
490838.3455,5283759.483
490279.902,5286230.163
487147.6972,5282747.799
468260.8531,5300974.38
488877.8246,5293580.307
468260.8531,5300974.38
461636.749,5295333.992
478961.707,5289810.816
476558.561,5292660.419
380503.8583,5282235.148
380503.8583,5282235.148
473786.5341,5287053.535
474861.9882,5285319.873
461636.749,5295333.992
465352.9283,5276848.228
414943.155,5295648.104
473613.9432,5290295.972
484259.2885,5278278.549
477989.8626,5286078.878
477615.5204,5286234.685
474182.6715,5314837.84
465304.2986,5293056.921
451888.2069,5293585.6
482633.1072,5278530.19
473141.1068,5291563.953
473141.1068,5291563.953
474900.8352,5284671.38
458648.2958,5296250.048
458648.2958,5296250.048
458648.2958,5296250.048
499464.5685,5276281.133
480737.5829,5279277.135
489706.2174,5279933.302
481198.1917,5279831.309
482094.7517,5279797.585
481290.0179,5282424.265
481198.1917,5279831.309
480482.4248,5277827.01
490776.2278,5284006.558
474114.0826,5285786.274
483694.9876,5277878.783
491562.1382,5279992.009
490154.3421,5285890.787
482052.662,5279674.228
487586.5774,5283302.529
483419.29,5276305.106
483322.4638,5278898.618
490154.3421,5285890.787
483565.7858,5276459.046
480343.8721,5280019.393
482052.662,5279674.228
481145.3281,5282795.202
482031.4241,5279550.806
481805.0561,5280508.548
483774.9524,5276643.685
465352.9283,5276848.228
474417.3098,5316318.739
490578.6078,5277863.399
474417.3098,5316318.739
478581.0572,5293794.807
465352.9283,5276848.228
480499.4279,5276684.69
477677.7696,5286172.697
489368.0741,5277495.054
488562.9196,5281726.032
483941.2618,5276427.117
480019.562,5276686.333
474339.109,5284859.09
460798.3276,5294382.547
491025.648,5283604.826
473455.9045,5319009.245
473455.9045,5319009.245
430260.6879,5277225.81
473455.9045,5319009.245
430260.6879,5277225.81
460200.1262,5292101.973
430260.6879,5277225.81
448616.7977,5327793.655
448616.7977,5327793.655
482572.5687,5299770.6
482572.5687,5299770.6
430260.6879,5277225.81
490206.1798,5291818.146
384201.6582,5304397.099
430260.6879,5277225.81
430260.6879,5277225.81
391422.1547,5329118.684
443206.1981,5307744.034
391422.1547,5329118.684
493591.4933,5285978.497
443206.1981,5307744.034
483186.5373,5275194.396
384325.5413,5322925.979
468238.0284,5300604.021
480821.3084,5279369.471
457543.4933,5278876.108
479894.272,5276655.897
391809.9507,5317869.354
407965.4609,5305544.156
490691.3242,5283049.667
490505.1376,5283883.515
480693.3961,5278536.354
485296.0481,5275867.815
457543.4933,5278876.108
407965.4609,5305544.156
485747.4669,5281207.503
407965.4609,5305544.156
487458.7428,5300992.677
480376.1333,5277240.803
482191.7134,5284181.121
490358.806,5283605.912
481198.1917,5279831.309
484794.8417,5275714.756
481537.1696,5281497.305
482908.6422,5280011.219
490358.806,5283605.912
474900.8352,5284671.38
484285.6179,5280285.148
482908.6422,5280011.219
482908.6422,5280011.219
467736.5799,5300112.837
419428.5658,5296571.972
472349.2478,5295673.842
472349.2478,5295673.842
464580.8602,5293833.169
484055.0638,5279853.575
430260.3177,5277194.938
458648.2958,5296250.048
419428.5658,5296571.972
419428.5658,5296571.972
474497.9156,5287791.286
484794.8417,5275714.756
458648.2958,5296250.048
468574.5324,5301343.138
480784.3918,5287056.774
473763.1712,5318266.824
419428.5658,5296571.972
419428.5658,5296571.972
419428.5658,5296571.972
485225.6462,5280961.843
462631.2349,5294740.839
480987.5308,5279183.687
413954.1248,5319903.629
484794.8417,5275714.756
482846.6382,5280196.636
482894.7356,5275318.739
483774.9524,5276643.685
482385.5562,5279426.226
481907.7566,5280014.272
484104.0976,5274944.825
483854.6942,5275315.976
484397.6966,5275468.842
473786.5341,5287053.535
419428.9963,5296602.845
419428.9963,5296602.845
419428.9963,5296602.845
419428.9963,5296602.845
419428.9963,5296602.845
419428.9963,5296602.845
419428.9963,5296602.845
419428.9963,5296602.845
419428.9963,5296602.845
419428.9963,5296602.845
487147.6972,5282747.799
482467.3764,5278901.153
482886.5074,5279579.077
482928.8543,5279795.056
473713.2301,5284676.675
473713.2301,5284676.675
464044.4281,5294546.593
462120.8814,5293046.11
464152.271,5295163.397
463478.9165,5293932.678
464044.4281,5294546.593
465523.0712,5294846.28
464751.0584,5294449.6
462418.8088,5294062.996
464152.271,5295163.397
462750.2433,5293844.724
464044.4281,5294546.593
463286.7569,5289889.439
462642.6291,5293289.692
485953.6068,5280249.967
482285.0807,5280661.414
481555.8429,5280818.06
481971.2769,5280322.793
375237.8227,5282747.283
465352.9283,5276848.228
465352.9283,5276848.228
487147.6972,5282747.799
591110.9927,5199073.815
577017.4026,5193174.655
575230.8722,5189861.266
574804.6059,5189722.917
573130.9404,5188058.339
572555.3812,5189612.349
564516.7949,5191368.541
562398.8742,5190562.365
559798.1586,5180856.367
560221.7428,5180870.031
557365.9658,5180496.548
558937.3264,5180860.922
558878.1157,5180842.703
558837.1237,5180838.149
558814.3503,5180838.149
558768.8036,5180833.594
558759.6943,5180860.922
558755.1396,5180865.477
558814.3503,5180856.367
558814.3503,5180865.477
558809.7956,5180870.031
572013.1435,5192293.506
564480.0687,5194443.674
564497.1297,5193432.812
565776.702,5193803.888
555733.231,5175870.862
556485.8215,5175581.953
556671.294,5175214.575
556920.9686,5174001.87
556107.7428,5173598.824
556649.8933,5172603.692
556653.4601,5172578.725
556653.4601,5172553.757
556649.8933,5172535.923
556649.8933,5172496.689
556653.4601,5172450.321
556653.4601,5172418.22
556657.0269,5172389.685
556624.9259,5171380.287
556660.5937,5171419.521
556714.0954,5171440.922
556785.431,5171462.323
556885.3008,5171465.889
556960.2032,5171440.922
558463.2576,5170548.697
558304.6128,5170744.959
558515.594,5170360.613
558746.2013,5170445.66
558711.8555,5170547.062
575993.2731,5188401.223
567020.1096,5180985.849
568099.7284,5182838.758
571069.6139,5183918.377
571443.1844,5183813.777
571798.0763,5184512.354
571906.4118,5184549.711
572365.9035,5184960.639
572418.2034,5185950.601
563290.7897,5177976.218
563298.9309,5177976.218
563298.9309,5177984.359
563290.7897,5177992.5
559187.7338,5184101.868
559187.7338,5184101.868
558123.3711,5183332.013
558128.5379,5183332.013
557591.1897,5182448.489
557591.1897,5182448.489
557363.8501,5180495.435
557363.8501,5180500.602
558144.0383,5181916.307
558144.0383,5181921.474
560980.6166,5184086.367
560980.6166,5184091.534
561399.1282,5181471.962
561399.1282,5181477.129
563631.1898,5184370.542
563631.1898,5184370.542
564953.893,5179865.084
564953.893,5179865.084
555474.2598,5190477.589
555520.5168,5190477.589
555556.4945,5190477.589
601129.659,5218066.016
601103.531,5217172.44
601829.8885,5216916.386
625735.3635,5232009.213
622804.417,5228712.492
627626.5604,5234328.645
626670.9502,5237511.688
625431.6795,5236153.838
585837.0808,5282969.028
580647.7011,5279194.934
582483.3682,5278017.865
563290.7897,5177976.218
572418.2034,5185950.601
572418.2034,5185950.601
574804.6059,5189722.917
574804.6059,5189722.917
575230.8722,5189861.266
575993.2731,5188401.223
555733.231,5175870.862
555733.231,5175870.862
573439.1927,5191509.345
573439.1927,5191509.345
555733.231,5175870.862
555733.231,5175870.862
555733.231,5175870.862
556107.7428,5173598.824
556107.7428,5173598.824
556107.7428,5173598.824
556107.7428,5173598.824
556107.7428,5173598.824
556107.7428,5173598.824
556107.7428,5173598.824
557365.9658,5180496.548
556485.8215,5175581.953
556671.294,5175214.575
556671.294,5175214.575
556671.294,5175214.575
556920.9686,5174001.87
559798.1586,5180856.367
559798.1586,5180856.367
559798.1586,5180856.367
559798.1586,5180856.367
559798.1586,5180856.367
572013.1435,5192293.506
572013.1435,5192293.506
572013.1435,5192293.506
572013.1435,5192293.506
572013.1435,5192293.506
572013.1435,5192293.506
572013.1435,5192293.506
572013.1435,5192293.506
572013.1435,5192293.506
572013.1435,5192293.506
573835.2865,5192319.818
573835.2865,5192319.818
573835.2865,5192319.818
573835.2865,5192319.818
573835.2865,5192319.818
591110.9927,5199073.815
591110.9927,5199073.815
591110.9927,5199073.815
591110.9927,5199073.815
591110.9927,5199073.815
601829.8885,5216916.386
601829.8885,5216916.386
601829.8885,5216916.386
601829.8885,5216916.386
601829.8885,5216916.386
601829.8885,5216916.386
601829.8885,5216916.386
601829.8885,5216916.386
601129.659,5218066.016
601129.659,5218066.016
601103.531,5217172.44
601103.531,5217172.44
573021.8871,5187870.525
573021.8871,5187870.525
573021.8871,5187870.525
573021.8871,5187870.525
573021.8871,5187870.525
573021.8871,5187870.525
573021.8871,5187870.525
573021.8871,5187870.525
573130.9404,5188058.339
573130.9404,5188058.339
573130.9404,5188058.339
558304.6128,5170744.959
558304.6128,5170744.959
558304.6128,5170744.959
558304.6128,5170744.959
558304.6128,5170744.959
558304.6128,5170744.959
558304.6128,5170744.959
558304.6128,5170744.959
558463.2576,5170548.697
558463.2576,5170548.697
558463.2576,5170548.697
558463.2576,5170548.697
558463.2576,5170548.697
558463.2576,5170548.697
558463.2576,5170548.697
558463.2576,5170548.697
558463.2576,5170548.697
558463.2576,5170548.697
558463.2576,5170548.697
558463.2576,5170548.697
558515.594,5170360.613
558515.594,5170360.613
558515.594,5170360.613
558515.594,5170360.613
558515.594,5170360.613
558515.594,5170360.613
558515.594,5170360.613
558746.2013,5170445.66
558746.2013,5170445.66
558746.2013,5170445.66
558746.2013,5170445.66
558746.2013,5170445.66
558746.2013,5170445.66
558711.8555,5170547.062
558711.8555,5170547.062
558711.8555,5170547.062
558711.8555,5170547.062
585837.0808,5282969.028
585837.0808,5282969.028
580647.7011,5279194.934
580647.7011,5279194.934
580647.7011,5279194.934
582483.3682,5278017.865
582483.3682,5278017.865
582483.3682,5278017.865
582483.3682,5278017.865
582483.3682,5278017.865
582483.3682,5278017.865
582483.3682,5278017.865
582483.3682,5278017.865
582483.3682,5278017.865
626670.9502,5237511.688
626670.9502,5237511.688
626670.9502,5237511.688
626670.9502,5237511.688
626670.9502,5237511.688
626670.9502,5237511.688
625431.6795,5236153.838
625431.6795,5236153.838
625431.6795,5236153.838
625431.6795,5236153.838
627626.5604,5234328.645
627626.5604,5234328.645
627626.5604,5234328.645
627626.5604,5234328.645
625735.3635,5232009.213
625735.3635,5232009.213
625735.3635,5232009.213
625735.3635,5232009.213
625735.3635,5232009.213
625735.3635,5232009.213
564480.0687,5194443.674
564480.0687,5194443.674
564480.0687,5194443.674
564480.0687,5194443.674
565776.702,5193803.888
565776.702,5193803.888
565776.702,5193803.888
565776.702,5193803.888
565776.702,5193803.888
564497.1297,5193432.812
564516.7949,5191368.541
564516.7949,5191368.541
564516.7949,5191368.541
564516.7949,5191368.541
564516.7949,5191368.541
572555.3812,5189612.349
567020.1096,5180985.849
511550.1775,5108768.327
505151.1393,5132987.139
505151.1393,5132987.139
500509.1303,5132348.11
500807.1223,5132853.116
500308.0885,5134563.127
500308.0885,5134563.127
505053.1074,5135086.152
505053.1074,5135086.152
533065.2253,5163683.12
542289.2333,5174954
542289.2333,5174954
542694.2109,5174554.994
543092.1946,5174552.988
562771.5073,5174147.693
545980.9886,5168124.925
545980.9886,5168124.925
545575.0044,5168119.932
545575.0044,5168119.932
548115.8878,5166826.885
548115.8878,5166826.885
554848.788,5180915.799
554750.7882,5180611.805
555587.7353,5179008.816
555601.6968,5175773.821
555613.6874,5174975.816
555613.6874,5174975.816
555415.6933,5174775.817
556008.6757,5175377.813
561838.5476,5176464.721
561838.5476,5176464.721
561233.5572,5176262.731
561036.5548,5175656.731
562828.5494,5178275.702
562020.565,5178272.717
562020.565,5178272.717
562020.565,5178272.717
558831.5858,5174620.763
556983.5938,5171484.771
556491.6037,5170577.772
556491.6037,5170577.772
558076.5614,5171012.751
558678.5485,5170820.74
558678.5485,5170820.74
558678.5485,5170820.74
558683.5399,5170014.734
558864.5599,5172216.747
570926.1346,5183555.632
570926.1346,5183555.632
570926.1346,5183555.632
571355.5407,5183736.082
571355.5407,5183736.082
571355.5407,5183736.082
571355.5407,5183736.082
571355.5407,5183736.082
571627.8028,5184028.335
571715.9373,5184326.46
571715.9373,5184326.46
571715.9373,5184326.46
571727.4989,5185537.445
571727.4989,5185537.445
571727.4989,5185537.445
572130.4781,5184737.448
573309.5152,5188182.383
575047.5187,5190161.327
576036.4586,5187717.341
576363.8245,5187810.849
576363.8245,5187810.849
576917.0549,5188404.307
576237.4586,5187918.335
607202.4629,5214248.609
607202.4629,5214248.609
615324.4159,5221618.257
615324.4159,5221618.257
616919.3797,5221655.228
619789.2326,5225624.426
630110.6828,5236962.622
629229.6687,5236031.673
629229.6687,5236031.673
629721.6765,5236547.645
658195.9956,5267976.565
658147.9854,5267781.571
666062.279,5273774.796
669004.3155,5276475.115
685354.4894,5286702.579
691961.6069,5289588.408
735610.578,5321456.341
735610.578,5321456.341
735610.578,5321456.341
733971.3942,5318440.883
722719.1895,5301421.404
602085.8217,5284240.522
600426.2142,5292143.249
602107.9778,5287379.418
594400.4041,5297264.101
587825.7352,5304331.954
558487.8111,5301241.277
587825.7352,5304331.954
584311.8167,5306163.013
584311.8167,5306163.013
580789.7865,5305752.21
580789.7865,5305752.21
577092.6823,5303811.502
561267.5127,5297608.407
561267.5127,5297608.407
558571.3949,5295654.614
558571.3949,5295654.614
554378.3354,5295016.732
555166.3782,5295418.708
556367.3609,5295016.726
556147.4095,5295620.696
556147.4095,5295620.696
554435.0642,5291405.943
553833.8516,5288436.096
554375.0422,5264825.322
554375.0422,5264825.322
534291.3745,5268983.36
534284.3838,5269386.352
534284.3838,5269386.352
534284.3838,5269386.352
534309.3387,5267418.391
534140.3394,5267210.397
537373.0671,5260647.477
537977.05,5260450.476
537977.05,5260450.476
539959.018,5259668.482
539959.018,5259668.482
535002.1264,5258932.559
535002.1264,5258932.559
524704.6286,5266189.543
527080.5615,5266983.494
520407.7659,5265530.618
520407.7659,5265530.618
460062.1725,5236260.408
460062.1725,5236260.408
476662.9321,5130878.537
476301.0192,5119975.579
476301.0192,5119975.579
475473.0056,5119520.624
478187.3452,5099889.961
427983.0823,5101046.151
427983.0823,5101046.151
406251.5658,5096352.468
394404.4109,5092159.48
407753.7097,5058081.193
408005.7209,5056741.181
408005.7209,5056741.181
409409.7402,5056516.185
409409.7402,5056516.185
410208.7757,5051568.139
410208.7757,5051568.139
395433.8183,5036681.961
396235.8181,5036668.962
402017.7465,5043821.037
403571.7689,5042169.025
404972.7873,5041124.018
405162.7929,5040511.013
405162.7929,5040511.013
474249,5081409
441573,5055075
409731,5056172
409682,5056153
409669,5056177
409825,5052064
409825,5052064
471435,5085151
471440,5085147
413837,5040825
413837,5040825
413837,5040825
413837,5040825
413704,5040840
413679,5040980
407610,5056798
407618,5056914
408836,5056493
408836,5056493
408946,5056629
475018,5081779
471333,5086553
476084,5081934
476088,5081921
476095,5081907
475945,5083009
475885,5082801
475857,5082104
450460,5091443
450491,5091466
450719,5091816
442979,5067257
442840,5068399
442909,5069002
439311,5069425
439495,5069503
439495,5069503
432938,5070480
432945,5070484
432930,5070480
440781,5092163
424936,5092827
425071,5092961
425542,5093056
425671,5092776
425671,5092776
425671,5092776
422834,5091509
426434,5090755
421719,5090960
409046,5048137
409057,5048042
417500,5091346
417945,5091393
424002,5092183
423997,5092180
423884,5092140
412067,5080833
411711,5090088
414102,5087819
415866,5091969
422039,5060319
420749,5060852
420770,5060859
408125,5058033
411053,5055225
408673,5053500
408666,5053497
406962,5056536
410094,5050592
410088,5050588
410458,5051851
410184,5049631
410848,5047356
410843,5047342
472855,5091431
474554.2295,5082210.36
471845.1596,5080336.42
409125.7522,5053653.156
409125.7522,5053653.156
409585.7676,5051775.139
409585.7676,5051775.139
471369.1548,5086586.329
407455.7051,5058179.193
407842.7128,5057763.19
408626.7724,5048968.107
408244.7221,5057065.185
402242.7392,5044823.046
401840.7386,5044835.046
402835.7449,5044600.046
402231.7422,5044419.043
402345.7386,5044921.047
401742.7377,5044939.047
401730.7423,5044335.042
402328.7431,5044315.042
402036.7404,5044627.044
403041.7453,5044796.048
403030.7482,5044392.044
474944.2382,5082022.359
447111.5342,5094618.772
447051.5323,5095061.769
442339.5445,5068361.389
442339.5445,5068361.389
442393.5459,5068361.387
440133.4734,5069549.39
442720.5544,5068479.372
432846.2399,5070518.364
432846.2399,5070518.364
432846.2399,5070518.364
432846.2399,5070518.364
422692.9713,5091714.274
406066.5616,5096472.471
406066.5616,5096472.471
406066.5616,5096472.471
401677.4801,5097595.52
409562.6508,5099079.447
422085.8936,5064285.335
406595.7204,5053913.147
478238.3463,5099939.959
475478.1616,5106910.881
463108.8046,5101139.299
421374.9357,5096787.282
421362.9353,5096799.283
506994.117,5135237.162
505605.1362,5133340.143
476496.9273,5131032.545
500757.1267,5132603.113
383318.2813,5105575.644
383471.2826,5105720.647
392427.3852,5093668.494
383954.8746,5033309.906
409116.6417,5099959.46
408977.6382,5099796.461
416167.8121,5092985.339
391008.3692,5098848.552
427983.5499,5035793.335
427976.1536,5034281.411
427350.7494,5032498.171
426854.6153,5037191.223
440190.0713,5034193.015
440156.8418,5050367.435
439667.1005,5045436.279
438413.5421,5041381.724
421179.2743,5033574.305
460322.8488,5064625.615
454379.0086,5059894.119
456107.1645,5058248.966
413224.9336,5067251.812
448066.8784,5051775.405
449593.3782,5047586.341
448478.7933,5042070.425
424814.3056,5074993.331
425031.3007,5068402.18
452927.3598,5049219.548
466674.8129,5089517.354
460648.3104,5080781.045
449275.1068,5062008.931
444865.5288,5056938.042
434080.2617,5089471.309
435133.5948,5094834.224
412002.3799,5008582.927
461432.1278,5079076.042
464945.3584,5074235.753
461855.438,5071135.026
462735.9634,5069466.445
420917.8724,5021268.895
412799.9227,5014918.91
428354.2033,5085765.046
435133.5948,5094834.224
461432.1278,5079076.042
466674.8129,5089517.354
462735.9634,5069466.445
456107.1645,5058248.966
455713.5135,5056783.292
455713.5135,5056783.292
449593.3782,5047586.341
439667.1005,5045436.279
427983.5499,5035793.335
412799.9227,5014918.91
639501,5277734
639448,5277669
639648,5277470
639114,5277523
639082,5277510
638807,5280680
638986,5280806
638980,5280843
637135,5276596
637745,5276488
638115,5276195
638441,5276488
638441,5276488
638817,5276557
638566,5276826
637912,5277241
639270,5281533
640291,5282298
385043.8819,5032772.903
386725.8886,5032228.901
386725.8886,5032228.901
412583.8331,5044414.073
412583.8331,5044414.073
412584.8335,5044313.072
412635.8338,5044363.073
404106.7836,5040692.012
404106.7836,5040692.012
404106.7836,5040692.012
388790.8539,5034461.928
388790.8539,5034461.928
387615.8556,5034400.925
387615.8556,5034400.925
402266.7464,5043865.037
402266.7464,5043865.037
403929.757,5044267.046
383906.8739,5033358.907
383906.8739,5033358.907
407273.7074,5057414.184
407273.7074,5057414.184
407317.7089,5057260.183
407541.7081,5057876.19
407746.7109,5057866.191
407675.7091,5058006.192
401475.6565,5055504.147
401475.6565,5055504.147
401475.6565,5055504.147
401475.6565,5055504.147
401475.6565,5055504.147
408244.7221,5057065.185
403108.6537,5057295.164
403108.6537,5057295.164
403511.659,5057289.165
395623.8268,5036072.956
395623.8268,5036072.956
395623.8268,5036072.956
395623.8268,5036072.956
395623.8268,5036072.956
403215.6521,5057695.168
402013.6394,5058014.169
402113.6398,5058012.169
402113.6398,5058012.169
401860.6383,5058068.17
402213.6402,5058012.168
402290.6399,5058086.169
402290.6399,5058086.169
400475.649,5056020.153
400578.6477,5056223.155
400578.6477,5056223.155
401175.657,5055304.145
400971.6578,5055106.144
400771.658,5055006.143
403618.7437,5045740.059
403618.7437,5045740.059
403038.7582,5043039.032
403038.7582,5043039.032
403038.7582,5043039.032
403038.7582,5043039.032
403122.7618,5042637.028
403229.762,5042732.029
403431.7637,5042727.03
403837.7665,5042818.032
403841.7651,5043018.034
403841.7651,5043018.034
404567.7841,5041134.018
401744.8452,5034489.952
401695.8459,5034441.952
397666.755,5042349.02
397666.755,5042349.02
397666.755,5042349.02
397666.755,5042349.02
397666.755,5042349.02
397666.755,5042349.02
397908.7573,5042094.017
397908.7573,5042094.017
397908.7573,5042094.017
406566.8051,5040271.014
406566.8051,5040271.014
399639.755,5042489.023
399639.755,5042489.023
399639.755,5042489.023
399639.755,5042489.023
395731.8196,5036576.961
395731.8196,5036576.961
395731.8196,5036576.961
388088.8588,5034165.923
386687.8744,5033179.911
402639.7416,5044808.047
402639.7416,5044808.047
402639.7416,5044808.047
402639.7416,5044808.047
402639.7416,5044808.047
404643.76,5044755.053
404643.76,5044755.053
403545.7492,5044882.05
403545.7492,5044882.05
403346.7474,5044887.05
403346.7474,5044887.05
403346.7474,5044887.05
403375.7531,5044126.043
402969.7502,5044040.041
402673.7476,5044050.04
402666.749,5043851.038
401994.7451,5043998.039
401261.7507,5043181.03
401261.7507,5043181.03
401510.7513,5043129.03
403118.7633,5042433.026
403118.7633,5042433.026
403118.7633,5042433.026
403118.7633,5042433.026
403118.7633,5042433.026
402944.7631,5042261.024
402484.742,5044561.044
402345.7386,5044921.047
402923.7616,5042438.026
402477.7605,5042097.021
402477.7605,5042097.021
402889.7656,5041860.02
402806.7689,5041333.015
402658.7681,5041287.014
402658.7681,5041287.014
402658.7681,5041287.014
402658.7681,5041287.014
403208.7699,5041624.019
403208.7699,5041624.019
403208.7699,5041624.019
403313.7686,5041924.022
403341.7675,5042100.024
403341.7675,5042100.024
403444.768,5042146.024
404089.7697,5042662.031
404089.7697,5042662.031
404089.7697,5042662.031
402231.7591,5042153.021
402231.7591,5042153.021
404433.7764,5042097.026
404033.771,5042410.028
404033.771,5042410.028
404033.771,5042410.028
404033.771,5042410.028
404033.771,5042410.028
403620.7704,5042016.024
403493.7692,5042045.023
403515.7702,5041919.022
403513.771,5041819.021
403513.771,5041819.021
403387.7708,5041695.02
403492.7795,5040610.01
403700.7804,5040703.011
405034.7924,5040439.012
405034.7924,5040439.012
335046.096,5065795.348
335046.096,5065795.348
335198.0979,5065742.349
335198.0979,5065742.349
405747.7854,5042366.033
406115.8,5040535.016
401442.748,5043559.034
401868.7459,5043878.037
401868.7459,5043878.037
401723.7454,5043931.038
401758.7519,5043074.03
401758.7519,5043074.03
406624.7057,5056318.171
406600.7049,5056393.171
406549.7046,5056341.171
386837.8646,5033829.918
385413.8525,5034711.924
385413.8525,5034711.924
385413.8525,5034711.924
385413.8525,5034711.924
387437.8673,5033617.917
384009.8845,5032658.899
383509.8789,5033054.903
383695.8787,5033053.903
387312.8701,5033440.914
387237.8689,5033520.915
401880.854,5033833.947
401880.854,5033833.947
401750.8398,5034891.956
401717.8671,5032876.938
401717.8671,5032876.938
402263.7502,5043357.033
402263.7502,5043357.033
402263.7502,5043357.033
402263.7502,5043357.033
402384.7474,5043736.036
402384.7474,5043736.036
402384.7474,5043736.036
402384.7474,5043736.036
402354.7487,5043562.035
404619.7842,5041183.018
404695.7846,5041206.019
404695.7846,5041206.019
403041.7756,5040672.009
402311.7667,5041144.012
402311.7667,5041144.012
402311.7667,5041144.012
402102.7623,5041728.017
406460.7966,5041513.026
406460.7966,5041513.026
403326.738,5046151.062
403806.6759,5055474.15
405698.7206,5052249.128
405698.7206,5052249.128
405698.7206,5052249.128
405774.7152,5053207.137
404621.6923,5054565.145
397872.5584,5065610.252
397872.5584,5065610.252
397872.5584,5065610.252
397872.5584,5065610.252
397872.5584,5065610.252
397848.5598,5065433.25
397848.5598,5065433.25
397848.5598,5065433.25
397848.5598,5065433.25
397848.5598,5065433.25
397319.5556,5065570.253
397319.5556,5065570.253
397319.5556,5065570.253
400754.6506,5055941.152
400754.6506,5055941.152
400753.6522,5055739.15
400753.6522,5055739.15
400754.6506,5055941.152
400754.6506,5055941.152
401030.649,5056267.154
392923.628,5055420.158
400573.6525,5055615.149
386239.8693,5033548.913
359177.31,5059641.329
348174.1804,5065904.408
348225.1813,5065852.407
382519.8689,5033687.909
382519.8689,5033687.909
382519.8689,5033687.909
382519.8689,5033687.909
403025.7427,5045127.051
403025.7427,5045127.051
403025.7427,5045127.051
411972.9152,5033149.966
411972.9152,5033149.966
599085.773,5253694.384
611922.9416,5263992.601
613205.1358,5264758.45
612317.8962,5264123.701
612048.4128,5263995.004
617557.9458,5272966.586
614620.438,5246905.502
624718.5533,5270243.086
623280.7801,5265085.783
626429.5526,5275190.614
620001.2493,5266901.42
587749.9191,5256508.957
601232.737,5274883.698
604806.2355,5251354.293
600356.1589,5271224.685
608049.4911,5257373.018
611421.5599,5261759.557
603502.7799,5247996.19
625741.0423,5264489.615
611679.8888,5258089.595
588463.624,5249448.805
627227.5602,5257696.292
594833.8118,5253593.228
602297.8579,5252143.79
626559.499,5262438.012
615123.4441,5254419.55
612774.5924,5269722.128
610810.0104,5267522.783
615116.5445,5257970.827
610005.3714,5268063.44
622047.5616,5275035.417
615073.669,5268655.231
619191.9584,5263518.595
613383.4295,5274953.044
641577.576,5279891.732
641577.576,5279891.732
641435.5806,5279636.732
641435.5806,5279636.732
641233.5871,5279426.731
641153.5899,5279022.73
641648.5744,5279031.73
641648.5744,5279031.73
641641.5744,5279333.731
641742.5713,5279336.731
641211.5884,5278668.729
641211.5884,5278668.729
641211.5884,5278668.729
641260.5868,5278719.729
641163.5899,5278617.729
641262.5868,5278619.729
641262.5868,5278619.729
641066.593,5278512.729
640883.5961,5281724.738
640600.6059,5280620.735
643948.4992,5283081.739
642080.5571,5283710.743
642185.5552,5281966.738
642185.5552,5281966.738
641524.5743,5283944.744
642430.5461,5283765.742
643034.5273,5283675.742
642831.5335,5283771.742
643076.5256,5284127.743
643326.5177,5284182.743
643226.5209,5284180.743
643226.5209,5284180.743
643742.5054,5283382.74
644555.4802,5283091.739
644445.4834,5283389.74
644439.4834,5283695.741
644439.4834,5283695.741
644439.4834,5283695.741
644439.4834,5283695.741
644439.4834,5283695.741
644334.4865,5283895.741
644139.4929,5283491.74
640938.593,5283431.743
642749.5319,5288812.756
642081.5538,5287613.753
641568.5697,5287772.754
641568.5697,5287772.754
641260.5792,5287978.755
641055.5856,5287974.755
642253.5476,5288598.755
642253.5476,5288598.755
642253.5476,5288598.755
642253.5476,5288598.755
643257.5156,5289333.757
643257.5156,5289333.757
643257.5156,5289333.757
643257.5156,5289333.757
644748.4683,5290089.757
644748.4683,5290089.757
646578.4218,5277510.722
646578.4218,5277510.722
646724.4171,5277664.722
648798.3515,5278621.723
648996.3454,5278621.723
648996.3454,5278621.723
649388.333,5278720.723
649792.3158,5283947.737
649606.3217,5283941.737
649799.3159,5283648.736
649799.3159,5283648.736
649322.3308,5283628.736
648743.3487,5283803.737
647060.4019,5283138.737
646347.4238,5283621.739
645916.4352,5286062.746
644415.4826,5285486.745
645826.4386,5285308.744
645826.4386,5285308.744
645428.4513,5285014.743
645428.4513,5285014.743
645328.4545,5284913.743
642423.549,5280563.734
642423.549,5280563.734
642423.549,5280563.734
642355.5521,5279353.73
642545.5456,5280067.732
642545.5456,5280067.732
642545.5456,5280067.732
642004.5581,5285363.747
641898.5612,5285560.748
645599.4436,5287861.751
650968.2833,5279155.722
642864.5334,5282675.739
642565.5429,5282568.739
642982.5299,5282471.738
642549.5429,5283067.74
642602.5383,5286654.75
642997.5264,5286144.748
643294.5169,5286339.749
642997.5264,5286144.748
643503.5101,5286637.749
643492.5106,5286534.749
642799.532,5286839.75
642992.5257,5287120.751
643494.51,5287134.751
647243.3915,5288606.751
647195.393,5288554.751
647489.3838,5288567.751
647904.3714,5287952.749
647904.3714,5287952.749
647312.3904,5287407.748
647215.3935,5287298.748
648172.3636,5287258.747
648172.3636,5287258.747
648172.3636,5287258.747
647516.3842,5287199.747
647419.3873,5287090.747
647425.3873,5286873.747
647425.3873,5286873.747
647227.3935,5286866.747
647227.3935,5286866.747
646921.403,5286970.747
646315.4225,5286345.746
646421.4194,5286066.745
646703.4088,5288126.75
646703.4088,5288126.75
646703.4088,5288126.75
647525.3846,5286367.745
647525.3846,5286367.745
647730.3782,5286366.745
648337.3596,5285925.743
648242.363,5285466.742
649911.3127,5283241.735
649727.3186,5283128.734
649734.3186,5282829.734
657554.0752,5281840.724
504300.3608,4808944.666
504300.3608,4808946.097
504298.9295,4808946.097
504300.3608,4808947.529
504300.3608,4808946.097
522353.9268,4803444.67
522353.9268,4803447.79
522353.9268,4803444.67
522353.9268,4803447.79
522353.9268,4803444.67
522353.9268,4803447.79
510192.9343,4805883.33
510189.611,4805883.33
571294.9577,4805025.56
569262.5638,4801019.695
558413.626,4816332.286
558348.3599,4803224.689
527016.6081,4800775.877
527013.6278,4800775.877
527013.6278,4800775.877
527016.6082,4800778.857
527016.608,4800772.896
527013.6278,4800778.857
499017.8414,4796790.335
499017.8414,4796790.335
499014.1232,4796790.335
499014.1232,4796790.335
499017.8414,4796790.335
510402.3694,4784623.922
510402.3694,4784621.83
510398.1852,4784623.922
510402.3694,4784623.922
510398.1852,4784623.922
510400.2773,4784623.922
506595.4815,4787604.766
506595.4815,4787604.766
483783.0496,4782679.907
483783.0496,4782679.907
483778.5493,4782684.407
483783.0495,4782684.407
551395.8587,4828986.695
539883.7172,4818712.685
539883.7172,4818712.685
539883.7172,4818712.685
539883.7172,4818712.685
539883.7172,4818712.685
499730.3195,4817067.557
538006.908,4843350.662
538006.908,4843350.662
538006.908,4843350.662
538006.908,4843350.662
536406.8235,4850359.755
536406.8235,4850359.755
536406.8235,4850359.755
536406.8235,4850359.755
501869.3975,4828251.654
501869.3975,4828251.654
501869.3975,4828251.654
216351.9776,5352659.712
267621.3579,5353203.79
267621.3579,5353203.79
217885.707,5217685.351
245660.8743,5233308.453
241333.0035,5230248.436
241333.0035,5230248.436
241333.0035,5230248.436
241333.0035,5230248.436
237464.1258,5232044.436
246570.875,5252771.521
246570.875,5252771.521
246570.875,5252771.521
246570.875,5252771.521
258695.5039,5256379.55
258695.5039,5256379.55
258695.5039,5256379.55
258695.5039,5256379.55
258695.5039,5256379.55
258695.5039,5256379.55
258141.521,5256305.549
258141.521,5256305.549
269212.365,5395898.84
269212.365,5395898.84
269212.365,5395898.84
269212.365,5395898.84
242581.0007,5254002.519
270757.2597,5353915.795
270757.2597,5353915.795
297649.4861,5419382.889
297649.4861,5419382.889
297649.4861,5419382.889
241940.0162,5251121.509
241940.0162,5251121.509
241940.0162,5251121.509
239172.0937,5245653.486
244287.2066,5427811.82
265912.3216,5287032.65
265912.3216,5287032.65
265912.3216,5287032.65
265912.3216,5287032.65
265912.3216,5287032.65
287235.752,5364853.832
304062.1935,5342875.819
304617.2056,5368933.858
249456.785,5252454.524
249456.785,5252454.524
249456.785,5252454.524
249456.785,5252454.524
249456.785,5252454.524
264176.3292,5253121.548
285765.8622,5415862.873
285765.8622,5415862.873
285765.8622,5415862.873
285765.8622,5415862.873
285765.8622,5415862.873
285765.8622,5415862.873
285765.8622,5415862.873
285765.8622,5415862.873
285765.8622,5415862.873
285765.8622,5415862.873
284845.8091,5349932.808
284845.8091,5349932.808
284845.8091,5349932.808
284845.8091,5349932.808
284845.8091,5349932.808
284845.8091,5349932.808
284845.8091,5349932.808
284845.8091,5349932.808
284845.8091,5349932.808
284845.8091,5349932.808
255020.7589,5354984.775
258005.6812,5366806.795
208251.2927,5387589.74
208251.2927,5387589.74
198617.5458,5357258.688
198617.5458,5357258.688
198617.5458,5357258.688
198617.5458,5357258.688
198617.5458,5357258.688
198617.5458,5357258.688
198617.5458,5357258.688
198617.5458,5357258.688
198617.5458,5357258.688
198617.5458,5357258.688
254724.721,5321931.717
273396.272,5426575.861
273396.272,5426575.861
273396.272,5426575.861
273396.272,5426575.861
273396.272,5426575.861
274026.124,5329367.758
274026.124,5329367.758
274026.124,5329367.758
274026.124,5329367.758
274026.124,5329367.758
274026.124,5329367.758
274026.124,5329367.758
274026.124,5329367.758
274026.124,5329367.758
244206.0306,5307840.671
229133.4955,5303038.636
243313.0278,5287284.618
242113.0678,5288929.621
254791.6617,5281945.621
213729.1824,5425964.771
213729.1824,5425964.771
213729.1824,5425964.771
243472.2038,5408373.812
243472.2038,5408373.812
243472.2038,5408373.812
243472.2038,5408373.812
243472.2038,5408373.812
243472.2038,5408373.812
243472.2038,5408373.812
243472.2038,5408373.812
243472.2038,5408373.812
243472.2038,5408373.812
251118.9497,5401497.819
244171.151,5387884.798
297037.4902,5406243.882
297037.4902,5406243.882
297037.4902,5406243.882
285502.8405,5391674.858
285502.8405,5391674.858
285502.8405,5391674.858
285502.8405,5391674.858
285502.8405,5391674.858
285502.8405,5391674.858
225045.5435,5253243.489
209359.1483,5323017.648
209359.1483,5323017.648
209359.1483,5323017.648
254141.71,5301428.67
272571.2531,5392255.842
227594.662,5377627.762
267339.4041,5380686.824
267339.4041,5380686.824
267339.4041,5380686.824
261395.5927,5380500.816
263262.5324,5379793.818
264807.4816,5378508.818
251876.7176,5257730.545
250717.6989,5220232.412
250717.6989,5220232.412
250717.6989,5220232.412
250717.6989,5220232.412
250717.6989,5220232.412
250717.6989,5220232.412
250717.6989,5220232.412
250717.6989,5220232.412
250717.6989,5220232.412
250717.6989,5220232.412
258190.5141,5252518.537
258190.5141,5252518.537
258190.5141,5252518.537
255481.5975,5252063.532
255481.5975,5252063.532
240925.0265,5237137.46
239670.0613,5234461.448
239670.0613,5234461.448
239670.0613,5234461.448
288403.7353,5381347.852
288403.7353,5381347.852
288403.7353,5381347.852
288403.7353,5381347.852
288403.7353,5381347.852
288403.7353,5381347.852
210018.273,5409205.759
256651.7876,5411709.833
256651.7876,5411709.833
256651.7876,5411709.833
256651.7876,5411709.833
256651.7876,5411709.833
289431.7134,5390142.862
538484,5268073
538204,5267927
537364,5267732
537364,5267732
537364,5267732
537364,5267732
537560,5267744
537651,5267621
534672,5268582
534672,5268582
534656,5268695
530643,5269850
530698,5269886
530698,5269886
530981,5269691
531013,5269977
531013,5269977
531013,5269977
530255,5269736
530392,5269754
530182,5269587
530490,5269650
530749,5268758
530903,5268751
533689,5269288
532963,5269736
532957,5269565
532957,5269565
532957,5269565
531849,5269166
531849,5269166
531849,5269166
531849,5269166
531826,5268987
532381,5269510
532381,5269510
532365,5268989
532365,5268989
532033,5269502
531994,5268885
531994,5268885
532536,5268252
532791,5268252
532935,5268486
532324,5268669
536888,5268792
536888,5268792
536706,5268767
535629,5267889
552072,5273825
535757,5268443
535757,5268443
535631,5268728
535631,5268728
535869,5268627
536081,5268598
532786,5269955
532730,5269847
532918,5270132
533058,5270046
533766,5269836
534021,5268859
534155,5268684
534445,5270132
534359,5269935
534276,5269537
534292,5269296
534292,5269296
534285,5269057
534285,5269057
534253,5268779
534253,5268779
534253,5268779
534253,5268779
534253,5268779
536072,5267941
536072,5267941
536216,5268186
536216,5268186
536801,5268338
552520,5265459
552576,5265507
554400,5270650
551931,5268342
552799,5267772
552799,5267772
554474,5268773
554474,5268773
555125,5269112
555130,5269157
554880,5268997
554942,5268995
554382,5269440
554503,5269417
554713,5269365
555032,5268962
552058,5265907
550096,5265639
550584,5265708
550651,5265749
550285,5266325
550085,5266202
550070,5266156
550181,5265846
550222,5266181
550436,5266621
550475,5266598
550922,5266581
550889,5266542
550823,5266180
550956,5266277
550956,5266277
551410,5266592
551268,5266515
551217,5265952
551309,5265965
551330,5265803
551273,5266352
551273,5266352
551356,5266299
551516,5265908
552587,5265571
552587,5265571
552587,5265571
553007,5266146
553007,5266146
553007,5266146
553007,5266146
552923,5266597
552923,5266597
553034,5266368
553034,5266368
553076,5266291
555399,5269114
555360,5269191
555360,5269191
549279,5266221
549235,5266601
549204,5266397
549106,5266341
549065,5266309
549278,5265975
549270,5265990
549373,5265945
548754,5266562
548771,5266537
549010,5266280
549010,5266280
548768,5266283
548768,5266283
548865,5266168
548857,5266018
548593,5266414
548306,5266396
548784,5266073
548682,5265997
548590,5265893
548595,5265939
548563,5265833
548424,5266546
548020,5267221
547219,5266429
547219,5266429
547219,5266429
547219,5266429
547695,5265988
547662,5265996
547633,5266029
547573,5266052
546998,5266334
547408,5266483
547408,5266483
547408,5266483
547603,5266304
547603,5266304
547603,5266304
547159,5266138
547214,5266155
547259,5266092
548542,5266229
548575,5266141
548511,5266291
548295,5266277
548150,5266093
548193,5266047
548193,5266047
547726,5265834
547726,5265834
547726,5265834
547726,5265834
547726,5265834
547726,5265834
547324,5265930
547324,5265930
547187,5265991
547187,5265991
540920,5265917
541075,5266960
537137,5257089
536968,5257225
536448,5257370
536286,5257009
536518,5259886
537257,5259864
537106,5259709
537081,5259555
537013,5259575
536731,5259888
537591,5258597
537591,5258597
537692,5258888
538128,5258937
529207,5267242
529207,5267242
529202,5269220
528957,5268185
528217,5267970
528217,5267970
528217,5267970
528502,5267754
528623,5267606
528623,5267606
528623,5267606
528623,5267606
528623,5267606
529230,5267830
529072,5267524
529148,5267338
537993,5259738
537018,5259026
537527,5260052
537527,5260052
537501,5259941
537501,5259941
546481,5265975
546873,5266660
545050,5266243
545159,5266108
545092,5266055
542155,5261920
542155,5261920
542707,5262420
539831,5262817
537383,5260525
538724,5261819
538559,5261745
538424,5261762
538231,5261884
541025,5262642
540838,5262435
540838,5262435
540602,5262198
539855,5260450
543990,5264262
543840,5263634
543679,5263929
544211,5264334
544512,5264323
545699,5264706
545699,5264706
545324,5265591
544641,5265411
544381,5265395
544976,5264322
544695,5264491
537244,5258642
537244,5258642
537151,5258528
536949,5258597
536170,5260433
537711,5258643
537711,5258643
537602,5257712
537463,5258380
537463,5258380
537079,5257784
536459,5257579
536403,5257646
536291,5257651
536109,5257598
535420,5258343
541915,5265864
541915,5265864
541777,5266055
541434,5265375
534230,5267667
534547,5267293
534208,5267379
534208,5267379
534208,5267379
533003,5268191
539710,5261093
539710,5261093
539710,5261093
539450,5260939
539148,5260836
539148,5260836
539148,5260836
539148,5260836
539595,5262258
539829,5261713
539829,5261713
539203,5261930
539110,5261480
539203,5261444
538787,5261110
538787,5261110
538435,5260893
538549,5260999
538549,5260999
538611,5260916
538611,5260916
538364,5260952
538343,5261017
537291,5259659
537127,5259568
537205,5259641
537765,5259832
537905,5260260
537948,5260151
537905,5260260
537877,5260128
537715,5260240
537770,5260341
543301,5262883
543301,5262883
542935,5262765
542827,5262959
543167,5265010
543318,5266466
542718,5265984
542718,5265984
543004,5265476
542968,5265317
538117,5261274
538172,5261039
538117,5261274
538352,5260826
543338,5265862
541588,5263832
541221,5264444
536041,5267018
536041,5267018
536794,5257674
537097,5257423
536986,5257890
536726,5257171
536577,5256928
537459,5257373
538113,5257474
538161,5257475
538264,5259046
538144,5259132
538315,5259142
538315,5259142
538642,5259377
538840,5259594
538836,5259775
538526,5259767
536435,5259318
536119,5259163
536296,5260263
535937,5258882
547124,5265878
547115,5265792
554168,5268060
551330,5265803
505328.1396,5133016.14
505479.1403,5133017.141
503995.1446,5132321.128
508442.1015,5137198.179
500511.9153,5144066.202
502263.9008,5146236.221
496063.6471,5154427.344
551909.4306,5124273.581
530824.9482,5121251.952
549217.5218,5109966.664
549852.5019,5112126.643
546479.6082,5095581.792
506359.1482,5132732.143
505380.1458,5132614.137
506381.1452,5132956.145
506381.1452,5132956.145
505911.1488,5132557.14
505251.1352,5133290.141
505251.1352,5133290.141
505251.1352,5133290.141
505251.1352,5133290.141
505251.1352,5133290.141
503995.1446,5132321.128
503995.1446,5132321.128
503995.1446,5132321.128
506645.1215,5134757.157
505768.1185,5134618.152
517217.5791,5074613.661
517217.5791,5074613.661
550828.4744,5114066.616
553015.4446,5109307.588
553015.4446,5109307.588
552827.4026,5123004.558
552071.4268,5124336.579
551981.4271,5123850.577
551917.4325,5118940.578
552924.4097,5118711.561
551729.4813,5135460.649
552375.4644,5135992.639
552375.4644,5135992.639
552764.4543,5136335.633
551156.501,5136163.664
531030.9425,5121103.949
525142.0689,5116140.114
525142.0689,5116140.114
525142.0689,5116140.114
524432.0686,5112886.159
524284.0715,5112787.163
524042.0739,5112225.173
523792.0741,5111247.188
523792.0741,5111247.188
523792.0741,5111247.188
523507.0797,5111117.195
523507.0797,5111117.195
547929.5217,5120987.639
547929.5217,5120987.639
547929.5217,5120987.639
547715.5289,5120162.647
547690.5293,5120237.647
547690.5293,5120237.647
545187.6011,5113239.729
545121.603,5113000.731
544985.6068,5112455.737
544928.6088,5111985.741
549217.5218,5109966.664
549230.5213,5110027.664
549459.5149,5110577.657
549674.5061,5111998.647
552441.4218,5125477.579
552441.4218,5125477.579
512311.0741,5095946.521
512270.075,5096057.52
511584.079,5096423.523
511584.079,5096423.523
511584.079,5096423.523
510285.1023,5099049.495
511586.141,5104198.4
504799.71,5076276.895
504799.71,5076276.895
504799.71,5076276.895
504672.7104,5076250.898
504672.7104,5076250.898
505176.7078,5076302.887
504975.7082,5076251.891
505785.7066,5076459.872
505785.7066,5076459.872
505785.7066,5076459.872
504874.7079,5076201.894
504874.7079,5076201.894
504874.7079,5076201.894
504874.7079,5076201.894
505050.7071,5076226.89
505050.7071,5076226.89
505402.7056,5076277.883
505608.7042,5076281.878
505608.7042,5076281.878
506010.7013,5076282.87
510994.029,5092618.586
510994.029,5092618.586
510994.029,5092618.586
510994.029,5092618.586
511045.0278,5092568.586
511045.0278,5092568.586
512931.0276,5092715.556
512931.0276,5092715.556
512931.0276,5092715.556
512919.0279,5092728.556
512982.0264,5092665.556
512878.0381,5093171.552
512902.0341,5092997.553
544488.6418,5095559.842
544488.6418,5095559.842
544488.6418,5095559.842
547015.5992,5095586.779
505009.1561,5131827.13
505908.1473,5132660.14
505911.1488,5132557.14
505958.1468,5132711.141
505380.1458,5132614.137
506939.147,5133004.148
505026.1429,5132711.136
505110.1504,5132228.133
505401.1587,5131748.132
503781.1261,5133429.135
500681.1241,5132727.114
512963.0616,5094483.534
512739.0552,5093908.546
512480.0432,5093365.555
512278.0571,5093966.552
512153.059,5094039.553
512587.0627,5094555.539
510290.1318,5102695.433
510290.1318,5102695.433
510290.1318,5102695.433
510290.1318,5102695.433
511292.1657,5107215.353
505380.1458,5132614.137
523792.0741,5111247.188
510377.0856,5097006.529
520636.7137,5081131.529
521418.7104,5081306.509
520113.7758,5083443.522
520913.76,5083147.506
520587.7275,5081675.526
521742.7256,5082072.494
522793.7373,5083026.461
518246.8885,5087465.524
519381.8275,5085194.525
519965.7811,5083593.525
519938.7783,5083469.526
521789.7583,5083466.482
519113.7876,5083547.544
457393.34,5313309.869
457466.3377,5313331.869
457466.3377,5313331.869
457466.3377,5313331.869
457267.344,5313348.869
457637.3323,5313193.869
457733.3293,5313193.869
457733.3293,5313193.869
457733.3293,5313193.869
457760.3285,5313318.869
457658.3317,5313330.869
457658.3317,5313330.869
457636.3324,5313461.869
457738.3292,5313609.87
457786.3277,5313607.87
458076.3185,5313336.869
458174.3154,5313066.869
458717.2983,5313090.869
458663.3,5313094.869
458663.3,5313094.869
455716.3936,5316536.875
455592.3975,5316609.876
455720.3935,5316836.876
455720.3935,5316836.876
455720.3935,5316836.876
456371.3731,5316998.877
456446.3707,5317022.877
456319.3746,5316743.876
456298.3754,5317126.877
455845.3896,5317018.876
453563.4589,5307673.855
455846.3956,5340451.922
454834.4276,5340353.921
456251.377,5317579.878
456251.377,5317579.878
456307.3752,5317620.878
456253.377,5317731.878
456157.38,5317930.878
456410.3721,5317977.879
456508.3689,5317617.878
456508.3689,5317617.878
455761.3927,5318490.88
455861.3895,5318440.879
455658.3958,5318243.879
455959.3863,5318139.879
455959.3863,5318139.879
456639.365,5318553.88
456639.365,5318553.88
457265.3454,5318882.881
457333.3433,5319174.881
457333.3433,5319174.881
457429.3403,5318975.881
457079.3514,5319430.882
457529.3371,5318766.881
454687.426,5316834.876
454687.426,5316834.876
454688.426,5316938.876
241773.6636,5014463.238
241364.6754,5014278.236
241364.6754,5014278.236
241364.6754,5014278.236
239084.7452,5015741.244
239084.7452,5015741.244
239257.7395,5015342.241
236058.833,5014502.23
242249.6457,5011926.22
242490.6383,5011765.219
241819.6607,5013449.231
241715.6636,5013353.23
231875.9636,5018743.255
231875.9636,5018743.255
231875.9636,5018743.255
232258.9499,5017227.244
233091.9243,5016649.241
234188.8938,5017944.253
234188.8938,5017944.253
294892.9966,4937897.689
304422.7076,4928647.618
242232.6441,5010563.21
242232.6441,5010563.21
241674.6603,5010333.207
241674.6603,5010333.207
241674.6603,5010333.207
245865.539,5012257.228
245865.539,5012257.228
249440.4287,5009259.211
237088.8076,5017814.256
237088.8076,5017814.256
237088.8076,5017814.256
237088.8076,5017814.256
233929.8966,5014838.229
233929.8966,5014838.229
233929.8966,5014838.229
240362.7036,5013255.227
240362.7036,5013255.227
240409.7021,5013204.227
243852.6004,5013425.234
234900.8689,5015500.236
234900.8689,5015500.236
234900.8689,5015500.236
233986.8957,5015337.233
230956.9897,5017970.248
230654.9991,5018282.249
232686.9381,5017764.249
232686.9381,5017764.249
232686.9381,5017764.249
232697.9372,5017414.246
232697.9372,5017414.246
232697.9372,5017414.246
571709.5501,5184274.575
577178.9351,5188715.141
564910.2595,5179749.897
567132.9062,5180364.352
556852.1971,5169840.163
556757.5174,5169969.088
556407.0014,5170476.732
556286.1339,5170553.281
555669.7092,5171089.128
555683.8104,5171034.737
556650.7511,5172606.016
555460.2054,5173075.385
555526.6825,5174004.051
555540.7838,5174050.383
555548.8416,5174147.078
555564.9573,5174239.743
555359.4824,5174187.367
555657.6224,5174439.174
555750.2876,5174463.348
555750.2876,5174461.333
683979.1925,5285137.299
743943.9522,5312582.039
744251.7101,5313323.685
745003.4466,5313858.477
745926.7203,5314519.4
746385.8345,5315392.221
746511.9648,5315720.16
705864.7449,5322553.402
686940.5242,5324781.931
688455.4685,5324501.385
690194.8491,5323753.265
691290.8459,5323192.174
692858.1587,5322874.223
692861.8993,5322874.223
693565.1327,5322522.606
695915.1354,5321487.745
678638.0037,5327402.666
683030.3492,5326594.192
684291.8937,5325536.122
557880.8977,5170325.222
557977.5952,5170311.792
558118.6123,5170247.327
558176.3622,5170197.635
558267.6876,5170122.426
558297.234,5170096.908
558392.5885,5170047.217
557930.5895,5170319.85
558694.768,5170427.291
558200.5366,5170750.959
558743.1168,5171567.516
558983.5174,5172260.514
559441.4873,5172745.344
559743.6669,5172624.473
560799.2809,5175376.321
562052.3188,5176313.749
563300.3329,5177977.904
562790.9412,5177937.384
562015.2767,5178061.838
564136.7772,5179066.15
564909.5474,5179740.515
565282.9084,5179891.017
565404.4677,5180284.638
565705.4719,5180050.202
565711.2604,5180029.942
564223.6053,5182021.2
560573.9298,5180880.858
563036.9543,5186518.897
567072.6433,5180319.407
567389.1649,5180706.267
566867.0395,5180830.711
566975.252,5180860.47
567023.9477,5180963.271
570026.8453,5182894.865
570570.6133,5183281.725
570600.3717,5183292.546
570768.1011,5183430.517
570900.6615,5183514.382
571328.101,5183725.396
571347.0381,5183738.923
571455.2507,5183806.556
571506.6516,5183833.609
571617.5695,5184020.275
571728.4873,5184369.261
571736.6033,5184426.072
571736.6033,5184428.778
571736.6033,5184428.778
575927.1334,5187526.361
575924.4281,5187526.361
576010.9981,5187550.709
576078.6309,5187566.941
576140.8531,5187615.637
576173.3169,5187653.511
576216.6019,5187653.511
573148.7767,5188998.052
568749.9375,5184523.464
568060.0826,5186722.883
569434.3817,5187255.83
576290.2345,5187782.65
576401.0001,5187872.808
576478.2784,5187939.782
576542.677,5187991.301
576738.4487,5188120.098
576828.6067,5188269.503
576859.5181,5188331.326
577119.6884,5188663.622
577122.2643,5188663.622
577245.9096,5188789.844
577214.9983,5188758.932
577248.4856,5188815.603
577263.9412,5188864.546
577281.9728,5188887.73
577300.0044,5188928.945
565281.3843,5179893.818
564139.6196,5179068.367
567020.8217,5180986.269
564910.9159,5179744.482
562789.6869,5177936.53
565711.0949,5180035.113
565561.6213,5182576.501
563249.8535,5182498.225
562487.9616,5182477.351
561423.4004,5182519.099
558855.9291,5182435.604
560896.5876,5174559.012
564703.2552,5183622.999
565060.2229,5178832.716
622806.7921,5228710.117
607752.2593,5215242.996
570082.0702,5182998.727
570341.5146,5183058.422
573227.5462,5185636.794
575978.1158,5187544.743
577729.9393,5189216.208
579552.9378,5190619.044
582475.4193,5192605.806
582756.7868,5192824.924
584238.3239,5194475.78
586778.445,5195911.875
589489.8737,5197676.49
590023.4129,5197398.788
591978.2656,5199333.961
593012.5445,5200516.931
594777.1598,5202508.956
596975.984,5204976.703
601844.5309,5208057.923
601857.6891,5208667.588
603971.7789,5211235.637
605094.6149,5212404.527
608232.8539,5216461.649
610309.6619,5217455.096
616020.3358,5222218.377
620470.0122,5226562.787
622888.9344,5228790.915
625663.1289,5231946.698
629463.6657,5236192.422
632663.7743,5240496.861
636724.972,5245565.07
638486.3074,5248279.855
645534.8502,5256464.297
658244.578,5267785.001
659926.8533,5268950.646
662658.5326,5271023.623
667550.3696,5275218.01
672109.6263,5278301.643
680404.7611,5283025.575
688377.0024,5287839.918
691680.2033,5288937.756
704127.7489,5293748.87
704130.9779,5293748.87
704941.4406,5294136.342
709484.5526,5295156.685
715041.5503,5297639.737
717635.1926,5298400.958
718193.193,5298515.989
718031.7462,5298510.944
719333.4108,5299525.031
720402.9956,5299736.93
720402.9956,5299747.021
720650.211,5300534.074
720645.1658,5300539.119
729186.7087,5303959.772
729186.7087,5303969.863
730735.5887,5305538.923
730730.5434,5305543.969
732657.8142,5306093.897
733495.3193,5306820.407
733500.3645,5306820.407
733495.3193,5306820.407
734605.2658,5307461.149
735846.3878,5308091.8
741653.4262,5310846.486
742596.8808,5311618.403
742596.8808,5311628.494
743787.5507,5312329.778
743787.5507,5312334.823
743787.5507,5312334.823
743878.3645,5312587.084
734819.5474,5307188.392
734662.9433,5307122.137
729193.8483,5303971.986
724919.3296,5301673.464
659695.9271,5269416.462
659722.786,5269322.456
659993.2941,5269134.443
659974.1091,5269105.666
661913.7092,5270262.519
662633.1455,5271003.059
664119.5008,5272166.987
666244.8353,5274199.394
667422.9122,5275353.49
667359.9615,5275434.427
667332.9827,5275470.398
672145.328,5279293.916
678479.9243,5282060.908
679882.7074,5282929.127
680349.1059,5283208.966
680844.2059,5283539.033
684173.5735,5285827.973
687370.197,5287309.685
688611.5346,5287944.705
688930.8381,5288048.747
688952.3642,5288088.212
688948.7765,5288088.212
689221.4403,5288156.378
690703.1524,5288529.497
691033.219,5288576.137
691743.5798,5288891.852
692267.3812,5289713.431
693045.9079,5290018.384
699701.0556,5293652.705
709652.0509,5295196.996
711692.3039,5296695.439
714655.3269,5297597.045
716780.2377,5297965.306
717622.5828,5298680.665
719963.371,5300708.219
749045.4474,5319980.493
748847.957,5319815.918
749186.5119,5320088.643
749181.8098,5320088.643
693164.8882,5326121.067
694747.1634,5327568.68
695031.4492,5327707.082
693939.193,5322421.61
694077.5954,5322387.944
694316.994,5322324.354
695528.9495,5321752.042
689757.0077,5307337.604
663654.1869,5300529.532
666088.9831,5327914.217
666949.3296,5328032.304
662095.1196,5327454.523
701931.9874,5310283.925
704783.5472,5309369.167
675785.424,5307514.962
675342.0781,5309878.232
673005.3032,5302877.674
705922.0944,5320274.022
597916.8741,5205953.291
577178.9351,5188715.141
394955,5099435
394955,5099435
394929,5099366
394393,5101372
390899,5098716
390899,5098716
390899,5098716
390621,5102218
414801,5095676
463910,5103603
377878,4988651
377878,4988651
377878,4988651
377878,4988651
377878,4988651
410798,5047578
439074,5069192
439179,5069192
395035,5090605
429509,5031606
429509,5031606
429509,5031606
394465,5096583
367613,4996463
367613,4996463
367613,4996463
439490,5084413
431559,5030351